Workbook

Sheet SourcedData
A1: data_key | B1: sheet | C1: orig_row | D1: section | E1: item | F1: unit | G1: anglo_share_pct | H1: source_ref | I1: comment | J1: Q1_2012 | K1: Q2_2012 | L1: Q3_2012 | M1: Q4_2012 | N1: Q1_2013 | O1: Q2_2013 | P1: Q3_2013 | Q1: Q4_2013 | R1: Q1_2014 | S1: Q2_2014 | T1: Q3_2014 | U1: Q4_2014 | V1: Q1_2015 | W1: Q2_2015 | X1: Q3_2015 | Y1: Q4_2015 | Z1: Q1_2016 | AA1: Q2_2016 | AB1: Q3_2016 | AC1: Q4_2016 | AD1: Q1_2017 | AE1: Q2_2017 | AF1: Q3_2017 | AG1: Q4_2017 | AH1: Q1_2018 | AI1: Q2_2018 | AJ1: Q3_2018 | AK1: Q4_2018 | AL1: Q1_2019 | AM1: Q2_2019 | AN1: Q3_2019 | AO1: Q4_2019 | AP1: Q1_2020 | AQ1: Q2_2020 | AR1: Q3_2020 | AS1: Q4_2020 | AT1: Q1_2021 | AU1: Q2_2021 | AV1: Q3_2021 | AW1: Q4_2021 | AX1: Q1_2022 | AY1: Q2_2022 | AZ1: Q3_2022 | BA1: Q4_2022 | BB1: Q1_2023 | BC1: Q2_2023 | BD1: Q3_2023 | BE1: Q4_2023 | BF1: Q1_2024 | BG1: Q2_2024 | BH1: Q3_2024 | BI1: Q4_2024 | BJ1: Q1_2025 | BK1: Q2_2025 | BL1: Q3_2025 | BM1: Q4_2025 | BN1: FY2012_2013 | BO1: FY2013_2014 | BP1: FY2014_2015 | BQ1: FY2015_2016 | BR1: FY2016_2017 | BS1: FY2017_2018 | BT1: FY2018_2019 | BU1: FY2019_2020 | BV1: FY2020_2021 | BW1: FY2021_2022 | BX1: FY2022_2023 | BY1: FY2023_2024 | BZ1: FY2024_2025 | CA1: FY2025_2026 | CB1: CY2012 | CC1: CY2013 | CD1: CY2014 | CE1: CY2015 | CF1: CY2016 | CG1: CY2017 | CH1: CY2018 | CI1: CY2019 | CJ1: CY2020 | CK1: CY2021 | CL1: CY2022 | CM1: CY2023 | CN1: CY2024
A2: Coal production - Mine Level::Callide | B2: VariousOperations_Calculations | C2: 10 | D2: Coal production - Mine Level | E2: Callide | F2: Mt | G2: 100 | H2: MLCCI-1639775051-8792 | I2: Total production on 100% basis. Sold end of 2016 | N2: 1.1514 | O2: 1.7253 | P2: 1.7523 | Q2: 1.6888 | R2: 1.2292 | S2: 1.8446 | T2: 2.3185 | U2: 2.1647 | V2: 1.857 | W2: 1.7893 | X2: 1.9889 | Y2: 2.2952 | Z2: 1.7482 | AA2: 1.8053 | AB2: 1.9389 | AC2: 0.7384 | CB2: 7.464
A3: Coal production - Mine Level::Capcoal (Grasstree, Lake Lindsay and Aquila mines) | B3: VariousOperations_Calculations | C3: 11 | D3: Coal production - Mine Level | E3: Capcoal (Grasstree, Lake Lindsay and Aquila mines) | F3: Mt | G3: 70 | H3: MLCCI-6-1112 | I3: Total production on 100% basis; calculated using attributable production and % stake of the company in mine; Calculated using sum of quarterly figures except for 2012; For 2012 calendar year is considered and calculated using attributable production and % stake of the company in mine | N3: 1.4155 | O3: 1.4611 | P3: 1.606 | Q3: 1.5788 | R3: 1.9047 | S3: 1.8475 | T3: 1.8163 | U3: 2.0743 | V3: 2.2591 | W3: 1.7935 | X3: 2.3533 | Y3: 2.2838 | Z3: 1.76 | AA3: 2.2054 | AB3: 1.6373 | AC3: 1.2302 | CB3: 6.0224
A4: Coal production - Mine Level::Dawson | B4: VariousOperations_Calculations | C4: 12 | D4: Coal production - Mine Level | E4: Dawson | F4: Mt | G4: 51 | H4: MLCCI-6-1112 | I4: Total production on 100% basis; calculated using attributable production and % stake of the company in mine; Calculated using sum of quarterly figures except for 2012; For 2012 calendar year is considered and calculated using attributable production and % stake of the company in mine | N4: 0.7526 | O4: 1.0771 | P4: 0.9933 | Q4: 1.1627 | R4: 1.0228 | S4: 1.1012 | T4: 1.0414 | U4: 1.0748 | V4: 0.6638 | W4: 1.3755 | X4: 1.2494 | Y4: 1.0258 | Z4: 1.006 | AA4: 1.1438 | AB4: 1.1859 | AC4: 1.273 | AD4: 1.0921 | AE4: 1.0468 | AF4: 1.0128 | AG4: 0.6305 | CB4: 4.5935
A5: Coal production - Mine Level::Drayton | B5: VariousOperations_Calculations | C5: 13 | D5: Coal production - Mine Level | E5: Drayton | F5: Mt | G5: 88 | H5: MLCCI-6-1112 | I5: Total production on 100% basis; calculated using attributable production and % stake of the company in mine; Calculated using sum of quarterly figures except for 2012; For 2012 calendar year is considered and calculated using attributable production and % stake of the company in mine; Ceased mining activities at the Drayton mine in 2016. | N5: 0.8934 | O5: 0.785 | P5: 1.0559 | Q5: 0.9764 | R5: 0.6591 | S5: 0.7085 | T5: 0.817 | U5: 0.9202 | V5: 0.7075 | W5: 0.4628 | X5: 0.6004 | Y5: 0.3513 | Z5: 0.3499 | AA5: 0.4182 | AB5: 0.3171 | AC5: 0.0823 | CB5: 3.6633
A6: Coal production - Mine Level::Foxleigh | B6: VariousOperations_Calculations | C6: 14 | D6: Coal production - Mine Level | E6: Foxleigh | F6: Mt | G6: 70 | H6: MLCCI-1639775051-8792 | I6: Total production on 100% basis; calculated using attributable production and % stake of the company in mine; Calculated using sum of quarterly figures except for 2012; For 2012 calendar year is considered and calculated using attributable production and % stake of the company in mine. SOld end of 2016 | N6: 0.528 | O6: 0.4757 | P6: 0.541 | Q6: 0.4219 | R6: 0.4329 | S6: 0.4712 | T6: 0.5512 | U6: 0.5792 | V6: 0.4783 | W6: 0.5112 | X6: 0.4948 | Y6: 0.3763 | Z6: 0.4345 | AA6: 0.566 | AB6: 0.4389 | CB6: 1.896
A7: Coal production - Mine Level::Jellinbah Group (Lake Vermont and Jellinbah East) | B7: VariousOperations_Calculations | C7: 15 | D7: Coal production - Mine Level | E7: Jellinbah Group (Lake Vermont and Jellinbah East) | F7: Mt | G7: 23.3 | H7: MLCCI-6-1112 | I7: Total production on 100% basis; calculated using attributable production and % stake of the company in mine; Calculated using sum of quarterly figures except for 2012; For 2012 calendar year is considered and calculated using attributable production and % stake of the company in mine | N7: 0.4772 | O7: 0.61 | P7: 0.6734 | Q7: 0.7559 | R7: 0.6775 | S7: 0.7563 | T7: 0.7328 | U7: 0.7571 | V7: 0.7639 | W7: 0.7664 | X7: 0.7984 | Y7: 0.8727 | Z7: 0.7584 | AA7: 0.8216 | AB7: 0.8202 | AC7: 0.8821 | AD7: 0.718 | AE7: 0.8403 | AF7: 0.8367 | AG7: 0.8606 | CB7: 2.0732
A8: Coal production - Mine Level::Moranbah North | B8: VariousOperations_Calculations | C8: 16 | D8: Coal production - Mine Level | E8: Moranbah North | F8: Mt | G8: 88 | H8: MLCCI-1639775051-8792 | I8: Total production on 100% basis; calculated using attributable production and % stake of the company in mine; Calculated using sum of quarterly figures except for 2012; For 2012 calendar year is considered and calculated using attributable production and % stake of the company in mine | N8: 1.4998 | O8: 1.0514 | P8: 1.3005 | Q8: 1.0648 | R8: 1.6943 | S8: 0.4346 | T8: 1.0619 | U8: 1.0278 | V8: 1.2976 | W8: 1.3811 | X8: 1.0099 | Y8: 1.2332 | Z8: 0.8249 | AA8: 1.0155 | AB8: 1.2773 | AC8: 1.9484 | AD8: 1.4161 | AE8: 0.6886 | AF8: 1.3168 | AG8: 1.9798 | AH8: 1.9367 | AI8: 1.0643 | AJ8: 1.2758 | CB8: 3.5455
A9: Coal production - Mine Level::Grosvenor | B9: VariousOperations_Calculations | C9: 17 | D9: Coal production - Mine Level | E9: Grosvenor | F9: Mt | G9: 100 | H9: MLCCI-1639775051-8792 | I9: Total production on 100% basis | V9: 0.0516 | W9: 0.1218 | X9: 0.1473 | Y9: 0.1791 | Z9: 0.203 | AA9: 0.3312 | AB9: 0.6857 | AC9: 0.5391 | AD9: 0.7098 | AE9: 0.1836 | AF9: 1.0125 | AG9: 0.1613 | AH9: 0.8256 | AI9: 1.342 | AJ9: 1.2398 | AK9: 0.3561 | CH9: 3.7635
A10: Coal production - Mine Level::Thermal -Export | B10: VariousOperations_Calculations | C10: 19 | D10: Coal production - Mine Level | E10: Thermal -Export | F10: Mt | M10: 1.6894 | N10: 1.4938 | O10: 1.5131 | P10: 1.6724 | Q10: 1.5847 | R10: 0.7693 | S10: 9.584 | T10: 1.5746 | U10: 1.8716 | V10: 1.4332 | W10: 1.3266 | X10: 1.3664 | Y10: 1.1543 | Z10: 1.0659 | AA10: 1.107 | AB10: 1.1127 | AC10: 0.6719
A11: Coal production - Mine Level::Thermal -Domestic | B11: VariousOperations_Calculations | C11: 20 | D11: Coal production - Mine Level | E11: Thermal -Domestic | F11: Mt | M11: 2.0253 | N11: 1.073 | O11: 1.7253 | P11: 1.7523 | Q11: 1.6888 | R11: 1.2279 | S11: 1.846 | T11: 2.0744 | U11: 1.9663 | V11: 1.6499 | W11: 1.6224 | X11: 1.8005 | Y11: 1.9788 | Z11: 1.4929 | AA11: 1.7167 | AB11: 1.682 | AC11: 0.6618
A12: Coal production - Mine Level::Total Thermal Export (Mine Level) | B12: VariousOperations_Calculations | C12: 21 | D12: Coal production - Mine Level | E12: Total Thermal Export (Mine Level) | F12: Mt | I12: Total Thermal coal production at attributable basis | J12: 2.5706 | K12: 3.2863 | L12: 3.3989 | AD12: 0.479 | AE12: 0.3047 | AF12: 0.4214 | AG12: 0.4086 | AH12: 0.2087 | AI12: 0.2899 | AJ12: 0.4551 | AK12: 0.4276 | AL12: 0.3385 | AM12: 0.2452 | AN12: 0.4379 | AO12: 0.3892 | AP12: 0.4032 | AQ12: 0.468 | AR12: 0.587 | AS12: 0.5623 | AT12: 0.3724 | AU12: 0.519 | AV12: 0.4438 | AW12: 0.3418 | AX12: 0.4274 | AY12: 0.3659 | AZ12: 0.424 | BA12: 0.4275 | BB12: 0.284 | BC12: 0.481 | BD12: 0.284 | BE12: 0.034 | BF12: 0.324 | BG12: 0.142 | BH12: 0.249 | BI12: 0.396 | BJ12: 0.244 | BK12: 0.298 | BL12: 0.269 | BM12: 0.413
A13: Coal production - Mine Level::Dawson | B13: VariousOperations_Calculations | C13: 24 | D13: Coal production - Mine Level | E13: Dawson | F13: Mt | CE13: 11.67297 | CF13: 12.040414 | CG13: 10.022541 | CH13: 9.35138 | CI13: 10.27 | CJ13: 9.508524
A14: Coal production - Mine Level::Lake Vermont | B14: VariousOperations_Calculations | C14: 25 | D14: Coal production - Mine Level | E14: Lake Vermont | F14: Mt | CE14: 11.084525 | CF14: 11.05623 | CG14: 10.828616 | CH14: 11.132 | CI14: 11.16 | CK14: 11.476069 | CL14: 10.948135 | CM14: 11.023168 | CN14: 10.840263
A15: Anglo's Share::Aquila | B15: VariousOperations_Calculations | C15: 33 | D15: Anglo's Share | E15: Aquila | F15: % | J15: 0.7 | K15: 0.7 | L15: 0.7 | M15: 0.7 | N15: 0.7 | O15: 0.7 | P15: 0.7 | Q15: 0.7 | R15: 0.7 | S15: 0.7 | T15: 0.7 | U15: 0.7 | V15: 0.7 | W15: 0.7 | X15: 0.7 | Y15: 0.7 | Z15: 0.7 | AA15: 0.7 | AB15: 0.7 | AC15: 0.7 | AD15: 0.7 | AE15: 0.7 | AF15: 0.7 | AG15: 0.7 | AH15: 0.7 | AI15: 0.7 | AJ15: 0.7 | AK15: 0.7 | AL15: 0.7 | AM15: 0.7 | AN15: 0.7 | AO15: 0.7 | AP15: 0.7 | AQ15: 0.7 | AR15: 0.7 | AS15: 0.7 | AT15: 0.7 | AU15: 0.7 | AV15: 0.7 | AW15: 0.7 | AX15: 0.7 | AY15: 0.7 | AZ15: 0.7 | BA15: 0.7 | BB15: 0.7 | BC15: 0.7 | BD15: 0.7 | BE15: 0.7 | BF15: 0.7 | BG15: 0.7 | BH15: 0.7 | BI15: 0.7 | BJ15: 0.7 | BK15: 0.7 | BL15: 0.7 | BM15: 0.7
A16: Anglo's Share::Callide | B16: VariousOperations_Calculations | C16: 34 | D16: Anglo's Share | E16: Callide | F16: % | J16: 1 | K16: 1 | L16: 1 | M16: 1 | N16: 1 | O16: 1 | P16: 1 | Q16: 1 | R16: 1 | S16: 1 | T16: 1 | U16: 1 | V16: 1 | W16: 1 | X16: 1 | Y16: 1 | Z16: 1 | AA16: 1 | AB16: 1 | AC16: 1
A17: Anglo's Share::Dawson | B17: VariousOperations_Calculations | C17: 35 | D17: Anglo's Share | E17: Dawson | F17: % | J17: 0.51 | K17: 0.51 | L17: 0.51 | M17: 0.51 | N17: 0.51 | O17: 0.51 | P17: 0.51 | Q17: 0.51 | R17: 0.51 | S17: 0.51 | T17: 0.51 | U17: 0.51 | V17: 0.51 | W17: 0.51 | X17: 0.51 | Y17: 0.51 | Z17: 0.51 | AA17: 0.51 | AB17: 0.51 | AC17: 0.51 | AD17: 0.51 | AE17: 0.51 | AF17: 0.51 | AG17: 0.51 | AH17: 0.51 | AI17: 0.51 | AJ17: 0.51 | AK17: 0.51 | AL17: 0.51 | AM17: 0.51 | AN17: 0.51 | AO17: 0.51 | AP17: 0.51 | AQ17: 0.51 | AR17: 0.51 | AS17: 0.51 | AT17: 0.51 | AU17: 0.51 | AV17: 0.51 | AW17: 0.51 | AX17: 0.51 | AY17: 0.51 | AZ17: 0.51 | BA17: 0.51 | BB17: 0.51 | BC17: 0.51 | BD17: 0.51 | BE17: 0.51 | BF17: 0.51 | BG17: 0.51 | BH17: 0.51 | BI17: 0.51 | BJ17: 0.51 | BK17: 0.51 | BL17: 0.51 | BM17: 0.51
A18: Anglo's Share::Drayton | B18: VariousOperations_Calculations | C18: 36 | D18: Anglo's Share | E18: Drayton | F18: % | J18: 0.882 | K18: 0.882 | L18: 0.882 | M18: 0.882 | N18: 0.882 | O18: 0.882 | P18: 0.882 | Q18: 0.882 | R18: 0.882 | S18: 0.882 | T18: 0.882 | U18: 0.882 | V18: 0.882 | W18: 0.882 | X18: 0.882 | Y18: 0.882 | Z18: 0.882 | AA18: 0.882 | AB18: 0.882 | AC18: 0.882
A19: Anglo's Share::Foxleigh | B19: VariousOperations_Calculations | C19: 37 | D19: Anglo's Share | E19: Foxleigh | F19: % | J19: 0.7 | K19: 0.7 | L19: 0.7 | M19: 0.7 | N19: 0.7 | O19: 0.7 | P19: 0.7 | Q19: 0.7 | R19: 0.7 | S19: 0.7 | T19: 0.7 | U19: 0.7 | V19: 0.7 | W19: 0.7 | X19: 0.7 | Y19: 0.7 | Z19: 0.7 | AA19: 0.7 | AB19: 0.7
A20: Anglo's Share::Grasstree | B20: VariousOperations_Calculations | C20: 38 | D20: Anglo's Share | E20: Grasstree | F20: % | J20: 0.7 | K20: 0.7 | L20: 0.7 | M20: 0.7 | N20: 0.7 | O20: 0.7 | P20: 0.7 | Q20: 0.7 | R20: 0.7 | S20: 0.7 | T20: 0.7 | U20: 0.7 | V20: 0.7 | W20: 0.7 | X20: 0.7 | Y20: 0.7 | Z20: 0.7 | AA20: 0.7 | AB20: 0.7 | AC20: 0.7 | AD20: 0.7 | AE20: 0.7 | AF20: 0.7 | AG20: 0.7 | AH20: 0.7 | AI20: 0.7 | AJ20: 0.7 | AK20: 0.7 | AL20: 0.7 | AM20: 0.7 | AN20: 0.7 | AO20: 0.7 | AP20: 0.7 | AQ20: 0.7 | AR20: 0.7 | AS20: 0.7 | AT20: 0.7 | AU20: 0.7 | AV20: 0.7 | AW20: 0.7 | AX20: 0.7
A21: Anglo's Share::Grosvenor | B21: VariousOperations_Calculations | C21: 39 | D21: Anglo's Share | E21: Grosvenor | F21: % | J21: 1 | K21: 1 | L21: 1 | M21: 1 | N21: 1 | O21: 1 | P21: 1 | Q21: 1 | R21: 1 | S21: 1 | T21: 1 | U21: 1 | V21: 1 | W21: 1 | X21: 1 | Y21: 1 | Z21: 1 | AA21: 1 | AB21: 1 | AC21: 1 | AD21: 1 | AE21: 1 | AF21: 1 | AG21: 1 | AH21: 1 | AI21: 1 | AJ21: 1 | AK21: 1 | AL21: 1 | AM21: 1 | AN21: 1 | AO21: 1 | AP21: 1 | AQ21: 1 | AR21: 1 | AS21: 0.88 | AT21: 0.88 | AU21: 0.88 | AV21: 0.88 | AW21: 0.88 | AX21: 0.88 | AY21: 0.88 | AZ21: 0.88 | BA21: 0.88 | BB21: 0.88 | BC21: 0.88 | BD21: 0.88 | BE21: 0.88 | BF21: 0.88 | BG21: 0.88 | BH21: 0.88 | BI21: 0.88
A22: Anglo's Share::Jellinbah East | B22: VariousOperations_Calculations | C22: 40 | D22: Anglo's Share | E22: Jellinbah East | F22: % | J22: 0.233 | K22: 0.233 | L22: 0.233 | M22: 0.233 | N22: 0.233 | O22: 0.233 | P22: 0.233 | Q22: 0.233 | R22: 0.233 | S22: 0.233 | T22: 0.233 | U22: 0.233 | V22: 0.233 | W22: 0.233 | X22: 0.233 | Y22: 0.233 | Z22: 0.233 | AA22: 0.233 | AB22: 0.233 | AC22: 0.233 | AD22: 0.233 | AE22: 0.233 | AF22: 0.233 | AG22: 0.233 | AH22: 0.233 | AI22: 0.233 | AJ22: 0.233 | AK22: 0.233 | AL22: 0.233 | AM22: 0.233 | AN22: 0.233 | AO22: 0.233 | AP22: 0.233 | AQ22: 0.233 | AR22: 0.233 | AS22: 0.233 | AT22: 0.233 | AU22: 0.233 | AV22: 0.233 | AW22: 0.233 | AX22: 0.233 | AY22: 0.233 | AZ22: 0.233 | BA22: 0.233 | BB22: 0.233 | BC22: 0.233 | BD22: 0.233 | BE22: 0.233 | BF22: 0.233 | BG22: 0.233 | BH22: 0.233 | BI22: 0.233
A23: Anglo's Share::Lake Lindsay | B23: VariousOperations_Calculations | C23: 41 | D23: Anglo's Share | E23: Lake Lindsay | F23: % | J23: 0.768 | K23: 0.768 | L23: 0.768 | M23: 0.768 | N23: 0.775 | O23: 0.775 | P23: 0.775 | Q23: 0.775 | R23: 0.775 | S23: 0.775 | T23: 0.775 | U23: 0.775 | V23: 0.776 | W23: 0.776 | X23: 0.776 | Y23: 0.776 | Z23: 0.783 | AA23: 0.783 | AB23: 0.783 | AC23: 0.783 | AD23: 0.786 | AE23: 0.786 | AF23: 0.786 | AG23: 0.786 | AH23: 0.779 | AI23: 0.779 | AJ23: 0.779 | AK23: 0.779 | AL23: 0.782 | AM23: 0.782 | AN23: 0.782 | AO23: 0.782 | AP23: 0.786 | AQ23: 0.786 | AR23: 0.786 | AS23: 0.786 | AT23: 0.792 | AU23: 0.792 | AV23: 0.792 | AW23: 0.792 | AX23: 0.792 | AY23: 0.792 | AZ23: 0.792 | BA23: 0.792 | BB23: 0.792 | BC23: 0.792 | BD23: 0.792 | BE23: 0.792 | BF23: 0.792 | BG23: 0.792 | BH23: 0.792 | BI23: 0.792 | BJ23: 0.792 | BK23: 0.792 | BL23: 0.792 | BM23: 0.792
A24: Anglo's Share::Lake Vermont | B24: VariousOperations_Calculations | C24: 42 | D24: Anglo's Share | E24: Lake Vermont | F24: % | J24: 0.233 | K24: 0.233 | L24: 0.233 | M24: 0.233 | N24: 0.233 | O24: 0.233 | P24: 0.233 | Q24: 0.233 | R24: 0.233 | S24: 0.233 | T24: 0.233 | U24: 0.233 | V24: 0.233 | W24: 0.233 | X24: 0.233 | Y24: 0.233 | Z24: 0.233 | AA24: 0.233 | AB24: 0.233 | AC24: 0.233 | AD24: 0.233 | AE24: 0.233 | AF24: 0.233 | AG24: 0.233 | AH24: 0.233 | AI24: 0.233 | AJ24: 0.233 | AK24: 0.233 | AL24: 0.233 | AM24: 0.233 | AN24: 0.233 | AO24: 0.233 | AP24: 0.233 | AQ24: 0.233 | AR24: 0.233 | AS24: 0.233 | AT24: 0.233 | AU24: 0.233 | AV24: 0.233 | AW24: 0.233 | AX24: 0.233 | AY24: 0.233 | AZ24: 0.233 | BA24: 0.233 | BB24: 0.233 | BC24: 0.233 | BD24: 0.233 | BE24: 0.233 | BF24: 0.233 | BG24: 0.233 | BH24: 0.233 | BI24: 0.233
A25: Anglo's Share::Moranbah North | B25: VariousOperations_Calculations | C25: 43 | D25: Anglo's Share | E25: Moranbah North | F25: % | J25: 0.88 | K25: 0.88 | L25: 0.88 | M25: 0.88 | N25: 0.88 | O25: 0.88 | P25: 0.88 | Q25: 0.88 | R25: 0.88 | S25: 0.88 | T25: 0.88 | U25: 0.88 | V25: 0.88 | W25: 0.88 | X25: 0.88 | Y25: 0.88 | Z25: 0.88 | AA25: 0.88 | AB25: 0.88 | AC25: 0.88 | AD25: 0.88 | AE25: 0.88 | AF25: 0.88 | AG25: 0.88 | AH25: 0.88 | AI25: 0.88 | AJ25: 0.88 | AK25: 0.88 | AL25: 0.88 | AM25: 0.88 | AN25: 0.88 | AO25: 0.88 | AP25: 0.88 | AQ25: 0.88 | AR25: 0.88 | AS25: 0.88 | AT25: 0.88 | AU25: 0.88 | AV25: 0.88 | AW25: 0.88 | AX25: 0.88 | AY25: 0.88 | AZ25: 0.88 | BA25: 0.88 | BB25: 0.88 | BC25: 0.88 | BD25: 0.88 | BE25: 0.88 | BF25: 0.88 | BG25: 0.88 | BH25: 0.88 | BI25: 0.88
A26: ROM Production::Dawson | B26: VariousOperations_Calculations | C26: 47 | D26: ROM Production | E26: Dawson | F26: Mt | H26: MLCCI-1066059444-48245; MLCCI-1066059444-54832; MLCCI-1066059444-62827; MLCCI-1639775051-122529; MLCCI-1639775051-130733; MLCCI-1639775051-92911; MLCCI-1639775051-92912 | I26: FY ROM production numbers; Calenderised ROM production based on FY numbers | BO26: 10.937099 | BP26: 11.604663 | BR26: 11.637862 | BS26: 12.075884 | BT26: 8.435228 | BU26: 9.530632 | BV26: 10.394706 | BW26: 9.16839 | BX26: 6.100998 | BY26: 9.146831 | BZ26: 8.765201 | CA26: 9.182172
A27: ROM Production::Moranbah North | B27: VariousOperations_Calculations | C27: 48 | D27: ROM Production | E27: Moranbah North | F27: Mt | H27: MLCCI-1066059444-48245; MLCCI-1066059444-54832; MLCCI-1066059444-62827; MLCCI-1639775051-122529; MLCCI-1639775051-130733; MLCCI-1639775051-92911; MLCCI-1639775051-92912 | I27: FY ROM production numbers; Calenderised ROM production based on FY numbers | BO27: 6.170481 | BP27: 6.461812 | BR27: 5.97881 | BS27: 7.733815 | BT27: 9.370519 | BU27: 7.476115 | BV27: 7.607259 | BW27: 5.768771 | BX27: 3.643425 | BY27: 6.196556 | BZ27: 4.809805 | CA27: 3.315001
A28: ROM Production::Foxleigh | B28: VariousOperations_Calculations | C28: 49 | D28: ROM Production | E28: Foxleigh | F28: Mt | H28: MLCCI-1639775051-92911; MLCCI-1639775051-92912 | I28: FY ROM production numbers; Calenderised ROM production based on FY numbers | BO28: 3.603434 | BP28: 1.854072 | BR28: 6.561215 | BS28: 4.891439
A29: ROM Production::Callide & Boundary Hill | B29: VariousOperations_Calculations | C29: 50 | D29: ROM Production | E29: Callide & Boundary Hill | F29: Mt | H29: MLCCI-1639775051-92911; MLCCI-1639775051-92912 | I29: FY ROM production numbers; Calenderised ROM production based on FY numbers | BO29: 6.842158 | BP29: 5.876718 | BR29: 7.838764 | BS29: 8.394299
A30: ROM Production::German Creek East | B30: VariousOperations_Calculations | C30: 51 | D30: ROM Production | E30: German Creek East | F30: Mt | H30: MLCCI-1639775051-92911 | I30: FY ROM production numbers; Calenderised ROM production based on FY numbers | BO30: 1.918171 | BP30: 1.114108
A31: ROM Production::German Creek - Lake Lindsay | B31: VariousOperations_Calculations | C31: 52 | D31: ROM Production | E31: German Creek - Lake Lindsay | F31: Mt | H31: MLCCI-1066059444-48245; MLCCI-1066059444-54832; MLCCI-1066059444-62827; MLCCI-1639775051-122529; MLCCI-1639775051-130733; MLCCI-1639775051-92911; MLCCI-1639775051-92912 | I31: FY ROM production numbers; Calenderised ROM production based on FY numbers | BO31: 5.303941 | BP31: 5.787516 | BR31: 5.673393 | BS31: 4.097363 | BT31: 3.886108 | BU31: 4.561048 | BV31: 5.385038 | BW31: 3.635346 | BX31: 3.456844 | BY31: 4127437 | BZ31: 3.853184 | CA31: 4.875968
A32: ROM Production::German Creek - Aquila | B32: VariousOperations_Calculations | C32: 53 | D32: ROM Production | E32: German Creek - Aquila | F32: Mt | H32: MLCCI-1639775051-92911 | I32: FY ROM production numbers; Calenderised ROM production based on FY numbers | BO32: 0.408779 | BP32: 0.248011 | BZ32: 5.433895 | CA32: 5.264619
A33: ROM Production::German Creek - Grasstree | B33: VariousOperations_Calculations | C33: 54 | D33: ROM Production | E33: German Creek - Grasstree | F33: Mt | H33: MLCCI-1066059444-54832; MLCCI-1066059444-62827; MLCCI-1639775051-122529; MLCCI-1639775051-130733; MLCCI-1639775051-92911; MLCCI-1639775051-92912 | I33: FY ROM production numbers; Calenderised ROM production based on FY numbers | BO33: 4.050885 | BP33: 6.126471 | BR33: 9.810094 | BS33: 7.276002 | BT33: 7.732954 | BU33: 6.930631 | BV33: 5.744934 | BW33: 6.911569 | BX33: 5.947984
A34: ROM Production::Jellinbah East | B34: VariousOperations_Calculations | C34: 55 | D34: ROM Production | E34: Jellinbah East | F34: Mt | H34: MLCCI-1066059444-48245; MLCCI-1066059444-54832; MLCCI-1066059444-62827; MLCCI-1639775051-122529; MLCCI-1639775051-130733; MLCCI-1639775051-92911; MLCCI-1639775051-92912 | I34: FY ROM production numbers; Calenderised ROM production based on FY numbers | BO34: 5.168184 | BP34: 5.466143 | BR34: 5.578113 | BS34: 5.27645 | BT34: 5.235631 | BU34: 4.69261 | BV34: 4.722276 | BW34: 5.59341 | BX34: 4.963446 | BY34: 4.724069 | BZ34: 6.125257 | CA34: 6.672883
A35: ROM Production::Lake Vermont | B35: VariousOperations_Calculations | C35: 56 | D35: ROM Production | E35: Lake Vermont | F35: Mt | H35: MLCCI-1066059444-48245; MLCCI-1066059444-54832; MLCCI-1066059444-62827; MLCCI-1639775051-122529; MLCCI-1639775051-130733; MLCCI-1639775051-92911; MLCCI-1639775051-92912 | I35: FY ROM production numbers; Calenderised ROM production based on FY numbers | BO35: 5.835788 | BP35: 9.227694 | BR35: 11.249826 | BS35: 10.775935 | BT35: 11.549 | BU35: 10.468 | BV35: 8.229006 | BW35: 9.466726 | BX35: 11.159508 | BY35: 10.647909 | BZ35: 11.198868 | CA35: 10.549505
A36: ROM Production::Grosvenor | B36: VariousOperations_Calculations | C36: 57 | D36: ROM Production | E36: Grosvenor | F36: Mt | H36: MLCCI-1066059444-48245; MLCCI-1066059444-54832; MLCCI-1066059444-62827; MLCCI-1639775051-122529; MLCCI-1639775051-130733; MLCCI-1639775051-92912 | BR36: 1.328956 | BS36: 3.689123 | BT36: 5.713199 | BU36: 6.090132 | BV36: 5.59616 | BW36: 4969 | BX36: 1.633762 | BY36: 5.705807 | BZ36: 6.666395 | CA36: 0.33033
A37: Total FY Saleable Production (Met + Thermal)::Dawson | B37: VariousOperations_Calculations | C37: 60 | D37: Total FY Saleable Production (Met + Thermal) | E37: Dawson | F37: Mt | H37: MLCCI-1639775051-111992; MLCCI-1639775051-92912; MLCCI-1639775051-93685; MLCCI-1639775051-96255 | BN37: 9.302882 | BQ37: 8.148072
A38: Total FY Saleable Production (Met + Thermal)::Jellinbah East | B38: VariousOperations_Calculations | C38: 61 | D38: Total FY Saleable Production (Met + Thermal) | E38: Jellinbah East | F38: Mt | H38: MLCCI-1639775051-111992; MLCCI-1639775051-92912; MLCCI-1639775051-93685; MLCCI-1639775051-96255 | BN38: 4.549875 | BQ38: 4.532332
A39: Total FY Saleable Production (Met + Thermal)::Lake Vermont | B39: VariousOperations_Calculations | C39: 62 | D39: Total FY Saleable Production (Met + Thermal) | E39: Lake Vermont | F39: Mt | H39: MLCCI-1639775051-111992; MLCCI-1639775051-92912; MLCCI-1639775051-93685; MLCCI-1639775051-96255 | BN39: 3.84558 | BQ39: 8.338484
A40: Total FY Saleable Production (Met + Thermal)::German Creek - Lake Lindsay | B40: VariousOperations_Calculations | C40: 63 | D40: Total FY Saleable Production (Met + Thermal) | E40: German Creek - Lake Lindsay | F40: Mt | H40: MLCCI-1639775051-111992; MLCCI-1639775051-92912; MLCCI-1639775051-93685; MLCCI-1639775051-96255 | BN40: 2.895436 | BQ40: 4.80146
A41: Total FY Saleable Production (Met + Thermal)::German Creek East - Oak Park | B41: VariousOperations_Calculations | C41: 64 | D41: Total FY Saleable Production (Met + Thermal) | E41: German Creek East - Oak Park | F41: Mt | H41: MLCCI-1639775051-96255 | I41: On hold in 2013 | BN41: 2.90688
A42: Total FY Saleable Production (Met + Thermal)::German Creek - Aquila | B42: VariousOperations_Calculations | C42: 65 | D42: Total FY Saleable Production (Met + Thermal) | E42: German Creek - Aquila | F42: Mt | H42: MLCCI-1639775051-93685; MLCCI-1639775051-96255 | I42: Aquila on hold July 2013; Aquila restarted in Feb 2022 | BN42: 0.121263 | BO42: 0.286021 | BP42: 0.16415
A43: Total FY Saleable Production (Met + Thermal)::German Creek - Grasstree | B43: VariousOperations_Calculations | C43: 66 | D43: Total FY Saleable Production (Met + Thermal) | E43: German Creek - Grasstree | F43: Mt | H43: MLCCI-1639775051-111992; MLCCI-1639775051-92912; MLCCI-1639775051-93685; MLCCI-1639775051-96255 | I43: Grasstree stopped in Jan 2022 | BN43: 2.820061 | BQ43: 6.281913
A44: Saleable Production - metcoal - attributable::Dawson | B44: VariousOperations_Calculations | C44: 69 | D44: Saleable Production - metcoal - attributable | E44: Dawson | F44: Mt | BA44: 0.5837 | BB44: 0.52 | BC44: 0.576 | BD44: 0.688 | BE44: 1.118 | BF44: 0.487 | BG44: 0.647 | BH44: 0.928 | BI44: 0.845 | BJ44: 0.621 | BK44: 0.628 | BL44: 0.737 | BM44: 0.553
A45: Saleable Production - metcoal - attributable::Moranbah North | B45: VariousOperations_Calculations | C45: 70 | D45: Saleable Production - metcoal - attributable | E45: Moranbah North | F45: Mt | AK45: 2.4852 | BA45: 1.489 | BB45: 0.576 | BC45: 0.948 | BD45: 0.946 | BE45: 0.662 | BF45: 0.561 | BG45: 0.923 | BH45: 1.117 | BI45: 0.176
A46: German Creek - Grasstree::Capcoal (Grasstree, Lake Lindsay and Aquila mines) | B46: VariousOperations_Calculations | C46: 76 | D46: German Creek - Grasstree | E46: Capcoal (Grasstree, Lake Lindsay and Aquila mines) | F46: Mt | BA46: 1.023 | BB46: 0.745 | BC46: 0.874 | BD46: 1.338 | BE46: 1.181 | BF46: 0.977 | BG46: 0.626 | BH46: 1.068 | BI46: 1.096 | BJ46: 1.086 | BK46: 1.292 | BL46: 0.97 | BM46: 1.338
A47: German Creek - Grasstree::Grosvenor | B47: VariousOperations_Calculations | C47: 77 | D47: German Creek - Grasstree | E47: Grosvenor | F47: Mt | AH47: 0.8256 | AI47: 1.342 | AJ47: 1.2398 | AK47: 0.3561 | AL47: 1.3332 | AM47: 1.0325 | AN47: 1.3445 | AO47: 1.0117 | AP47: 0.5409 | AQ47: 0.5609 | AR47: 0.0045 | BA47: 0.7776 | BB47: 0.976 | BC47: 0.24 | BD47: 0.56 | BE47: 1.021 | BF47: 0.967 | BG47: 1.215 | BH47: 0.191 | BI47: 0
A48: Lake Vermont::Jellinbah Group (Lake Vermont and Jellinbah East) | B48: VariousOperations_Calculations | C48: 80 | D48: Lake Vermont | E48: Jellinbah Group (Lake Vermont and Jellinbah East) | F48: Mt | BA48: 0.7757 | BB48: 0.716 | BC48: 0.718 | BD48: 0.824 | BE48: 0.774 | BF48: 0.788 | BG48: 0.827 | BH48: 0.798 | BI48: 0.307
A49: Lake Vermont::HCC (attributable) | B49: VariousOperations_Calculations | C49: 82 | D49: Lake Vermont | E49: HCC (attributable) | F49: % | I49: Share of HCC in total metcoal production | AD49: 4.7473 | AE49: 3.237 | AF49: 4.6962 | AG49: 4.3003 | AH49: 4.8532 | AI49: 4.5348 | AJ49: 4.5458 | AK49: 4.8646 | AL49: 3.2651 | AM49: 4.9585 | AN49: 5.6159 | AO49: 5.1175 | AP49: 3012200 | AQ49: 3221500 | AR49: 3969100 | AS49: 3221200 | AT49: 2511200 | AU49: 2319500 | AV49: 3567400 | AW49: 2922400 | AX49: 1753000 | AY49: 2125600 | AZ49: 4562200 | BA49: 3.6473 | BB49: 2842 | BC49: 2358 | BD49: 2358 | BE49: 3804 | BF49: 3804 | BG49: 3804 | BH49: 3804 | BI49: 3804
A50: Lake Vermont::PCI/SSCC (attributable) | B50: VariousOperations_Calculations | C50: 83 | D50: Lake Vermont | E50: PCI/SSCC (attributable) | F50: % | I50: Share of PCI/SSCC in total metcoal production | AN50: 0.953 | AO50: 1.1661 | AP50: 814000 | AQ50: 755700 | AR50: 867000 | AS50: 961200 | BA50: 1.0025 | BB50: 691 | BC50: 998 | BD50: 998 | BE50: 952 | BF50: 952 | BG50: 952 | BH50: 952 | BI50: 952
A51: Saleable Production - metcoal - 100%::Dawson | B51: VariousOperations_Calculations | C51: 86 | D51: Saleable Production - metcoal - 100% | E51: Dawson | F51: Mt | H51: MLCCI-1066059444-48245; MLCCI-1066059444-54832; MLCCI-1066059444-62827; MLCCI-1639775051-130733; MLCCI-1639775051-92911; MLCCI-1639775051-92912 | I51: FY saleable production numbers; FY2014-2015 combined thermal and coking coal production is available; Quarterly attributable production converted to total production | BO51: 5.021507 | BP51: 5.106015 | BR51: 5.426764 | BS51: 5.927868 | BT51: 4.416197 | BU51: 4.98251 | BV51: 5.735878 | BW51: 4.352722 | BX51: 2.78714 | BY51: 4.747469 | BZ51: 4.639097 | CA51: 5.925509
A52: Saleable Production - metcoal - 100%::Moranbah North | B52: VariousOperations_Calculations | C52: 87 | D52: Saleable Production - metcoal - 100% | E52: Moranbah North | F52: Mt | H52: MLCCI-1066059444-48245; MLCCI-1066059444-54832; MLCCI-1066059444-62827; MLCCI-1639775051-130733; MLCCI-1639775051-92911; MLCCI-1639775051-92912; MLCCI-1639775051-93685 | I52: FY saleable production numbers; Quarterly attributable production converted to total production | BO52: 5.129033 | BP52: 5.106924 | BQ52: 5.418688 | BR52: 4.670419 | BS52: 6.057179 | BT52: 7.156305 | BU52: 6.367855 | BV52: 6.270721 | BW52: 4.395711 | BX52: 3.330614 | BY52: 4984756 | BZ52: 3.513457 | CA52: 2.229809
A53: Saleable Production - metcoal - 100%::Foxleigh | B53: VariousOperations_Calculations | C53: 88 | D53: Saleable Production - metcoal - 100% | E53: Foxleigh | F53: Mt | H53: MLCCI-1639775051-92911; MLCCI-1639775051-92912; MLCCI-1639775051-93685 | I53: FY saleable production numbers | BO53: 2.778439 | BP53: 2.661671 | BQ53: 3.097926 | BR53: 2.673761 | BS53: 3.052767
A54: Saleable Production - metcoal - 100%::German Creek East | B54: VariousOperations_Calculations | C54: 89 | D54: Saleable Production - metcoal - 100% | E54: German Creek East | F54: Mt | H54: MLCCI-1639775051-92911 | I54: FY saleable production numbers; German Creek East & Oak Park operation ceased in 2013 | BO54: 1.294596 | BP54: 0.737186
A55: Saleable Production - metcoal - 100%::German Creek - Lake Lindsay | B55: VariousOperations_Calculations | C55: 90 | D55: Saleable Production - metcoal - 100% | E55: German Creek - Lake Lindsay | F55: Mt | H55: MLCCI-1066059444-48245; MLCCI-1066059444-54832; MLCCI-1066059444-62827; MLCCI-1639775051-130733; MLCCI-1639775051-92911; MLCCI-1639775051-92912 | I55: FY saleable production numbers; FY2014-2015 combined thermal and coking coal production is available | BO55: 4.073445 | BP55: 4.345351 | BR55: 3.811109 | BS55: 2.764204 | BT55: 2.714993 | BU55: 3.110368 | BV55: 3.584946 | BW55: 2.228584 | BX55: 2.240319 | BY55: 2.885336 | BZ55: 2.695074 | CA55: 3.205491
A56: Saleable Production - metcoal - 100%::German Creek - Aquila | B56: VariousOperations_Calculations | C56: 91 | D56: Saleable Production - metcoal - 100% | E56: German Creek - Aquila | F56: Mt | H56: MLCCI-1066059444-48245; MLCCI-1066059444-54832; MLCCI-1066059444-62827; MLCCI-1639775051-92911 | I56: FY saleable production numbers; Aquila Bord & Pillar into care and maintenance since July 2013 | BO56: 0.286021 | BP56: 0.16415 | BY56: 2446131 | BZ56: 3.19479 | CA56: 3.28149
A57: Saleable Production - metcoal - 100%::German Creek - Grasstree | B57: VariousOperations_Calculations | C57: 92 | D57: Saleable Production - metcoal - 100% | E57: German Creek - Grasstree | F57: Mt | H57: MLCCI-1066059444-48245; MLCCI-1066059444-54832; MLCCI-1066059444-62827; MLCCI-1639775051-130733; MLCCI-1639775051-92911; MLCCI-1639775051-92912; MLCCI-1639775051-93685 | I57: FY saleable production numbers | BO57: 2.585136 | BP57: 4.638779 | BQ57: 6.281913 | BR57: 7.900809 | BS57: 5.686654 | BT57: 5.909168 | BU57: 5.282424 | BV57: 4.299648 | BW57: 5.279169 | BX57: 4.035387
A58: Saleable Production - metcoal - 100%::Grosvenor | B58: VariousOperations_Calculations | C58: 94 | D58: Saleable Production - metcoal - 100% | E58: Grosvenor | F58: Mt | H58: MLCCI-1066059444-48245; MLCCI-1066059444-54832; MLCCI-1066059444-62827; MLCCI-1639775051-130733; MLCCI-1639775051-92912; MLCCI-1639775051-93685 | I58: FY saleable production numbers; Quarterly attributable production converted to total production | BQ58: 0.121818 | BR58: 0.860561 | BS58: 2.118173 | BT58: 3.341394 | BU58: 3.934598 | BV58: 3.461741 | BW58: 0.004565 | BX58: 1.196651 | BY58: 3.717149 | BZ58: 4.277435 | CA58: 0.215788
A59: Saleable Production - metcoal - 100%::Jellinbah East | B59: VariousOperations_Calculations | C59: 95 | D59: Saleable Production - metcoal - 100% | E59: Jellinbah East | F59: Mt | H59: MLCCI-1066059444-48245; MLCCI-1066059444-54832; MLCCI-1066059444-62827; MLCCI-1639775051-111992; MLCCI-1639775051-130733; MLCCI-1639775051-92911; MLCCI-1639775051-92912 | I59: FY saleable production numbers; FY2014-2015 combined thermal and coking coal production is available | BO59: 4.342972 | BP59: 4.80455 | BR59: 4.743857 | BS59: 4.605079 | BT59: 4.827 | BU59: 4.536 | BV59: 4.111077 | BW59: 4.469867 | BX59: 3.976898 | BY59: 4.294676 | BZ59: 5.348178 | CA59: 5.992114
A60: Saleable Production - metcoal - 100%::Lake Vermont | B60: VariousOperations_Calculations | C60: 96 | D60: Saleable Production - metcoal - 100% | E60: Lake Vermont | F60: Mt | H60: MLCCI-1066059444-48245; MLCCI-1066059444-54832; MLCCI-1066059444-62827; MLCCI-1639775051-111992; MLCCI-1639775051-130733; MLCCI-1639775051-92911; MLCCI-1639775051-92912; MLCCI-1639775051-93685 | I60: FY saleable production numbers | BO60: 4.787568 | BP60: 7.527102 | BQ60: 8.338484 | BR60: 8.970878 | BS60: 8.838967 | BT60: 9.092 | BU60: 8.138 | BV60: 6.365477 | BW60: 7.279959 | BX60: 8.377155 | BY60: 7.872588 | BZ60: 8.003536 | CA60: 7.539075
A61: Saleable Production - Thermal Coal - attributable share::Dawson | B61: VariousOperations_Calculations | C61: 104 | D61: Saleable Production - Thermal Coal - attributable share | E61: Dawson | F61: Mt | AD61: 0.387
A62: Saleable Production - Thermal Coal - 100%::Dawson | B62: VariousOperations_Calculations | C62: 113 | D62: Saleable Production - Thermal Coal - 100% | E62: Dawson | F62: Mt | H62: MLCCI-1066059444-48245; MLCCI-1066059444-54832; MLCCI-1066059444-62827; MLCCI-1639775051-130733; MLCCI-1639775051-92911; MLCCI-1639775051-92912 | I62: FY saleable production numbers; Q4 2020 attributable thermal coal production has been split in the Q3 production ratio | AS62: 0.69 | AU62: 0.69 | AV62: 0.51 | AW62: 0.39 | AX62: 0.5 | AY62: 0.4 | AZ62: 0.6 | BA62: 0.6 | BB62: 0.35 | BC62: 0.7 | BD62: 0.3 | BE62: 0 | BF62: 0.4 | BG62: 0 | BH62: 0.3 | BI62: 0.5 | BO62: 3.529216 | BP62: 3.286061 | BR62: 3.249844 | BS62: 3.087346 | BT62: 1.858059 | BU62: 2.152145 | BV62: 2.253505 | BW62: 2.681986 | BX62: 1.737416 | BY62: 2.234787 | BZ62: 1.712544 | CA62: 1.451145
A63: Saleable Production - Thermal Coal - 100%::Callide & Boundary Hill | B63: VariousOperations_Calculations | C63: 114 | D63: Saleable Production - Thermal Coal - 100% | E63: Callide & Boundary Hill | F63: Mt | H63: MLCCI-1639775051-92911; MLCCI-1639775051-92912 | I63: FY saleable production numbers | BO63: 6.810478 | BP63: 6.514968 | BR63: 7.837494 | BS63: 8.394299
A64: Saleable Production - Thermal Coal - 100%::German Creek - Lake Lindsay | B64: VariousOperations_Calculations | C64: 115 | D64: Saleable Production - Thermal Coal - 100% | E64: German Creek - Lake Lindsay | F64: Mt | H64: MLCCI-1066059444-48245; MLCCI-1066059444-54832; MLCCI-1066059444-62827; MLCCI-1639775051-130733; MLCCI-1639775051-92912 | I64: FY saleable production numbers; Q4 2020 attributable thermal coal production has been split in the Q3 production ratio | AU64: 0.12 | AV64: 0.11 | AW64: 0.09 | AX64: 0.11 | AY64: 0.09 | AZ64: 0.08 | BA64: 0.08 | BB64: 0.08 | BC64: 0.08 | BD64: 0.08 | BE64: 0.08 | BF64: 0.08 | BG64: 0.08 | BH64: 0.08 | BI64: 0.08 | BR64: 0.577298 | BS64: 0.351755 | BT64: 0.412687 | BU64: 0.400411 | BV64: 0.573428 | BW64: 0.525222 | BX64: 0.39426 | BY64: 401758 | BZ64: 0.339751 | CA64: 0.540319
A65: Saleable Production - Thermal Coal - 100%::Jellinbah East | B65: VariousOperations_Calculations | C65: 116 | D65: Saleable Production - Thermal Coal - 100% | E65: Jellinbah East | F65: Mt | H65: MLCCI-1066059444-48245; MLCCI-1066059444-54832; MLCCI-1066059444-62827; MLCCI-1639775051-111992; MLCCI-1639775051-130733; MLCCI-1639775051-92911; MLCCI-1639775051-92912 | I65: 2017: Jellinbah Group thermal sales. 2018, 2019 & 2020: total Jellinbah less Lake Vermont estimate. This gives a lower number compared with Jellinbah thermal data in QLD stats, but there is conflicting info and I believe Lake Vermont thermal sales are ~0.5 Mt/y | BO65: 0.463779 | BP65: 0.205626 | BR65: 0.498451 | BS65: 0.220711 | BT65: 0.407 | BU65: 0.244 | BV65: 0.82657 | BW65: 0.71849 | BX65: 0.438116 | BY65: 0 | BZ65: 0
A66: Saleable Production - Thermal Coal - 100%::Lake Vermont | B66: VariousOperations_Calculations | C66: 117 | D66: Saleable Production - Thermal Coal - 100% | E66: Lake Vermont | F66: Mt | H66: MLCCI-1066059444-48245; MLCCI-1066059444-54832; MLCCI-1066059444-62827; MLCCI-1639775051-111992; MLCCI-1639775051-130733; MLCCI-1639775051-92912 | I66: 2018 is average of FY numbers to get to CY estimate. 2019-20 assumes thermal share of total coal at LV remains the same | BR66: 0 | BS66: 0 | BT66: 0.413 | BU66: 0.429 | BV66: 0.424179 | BW66: 0.714837 | BX66: 0.866234 | BY66: 0.846521 | BZ66: 1.061606 | CA66: 1.02505
A67: Saleable Production - Thermal Coal - 100%::Jellinbah Group (Lake Vermont and Jellinbah East) | B67: VariousOperations_Calculations | C67: 118 | D67: Saleable Production - Thermal Coal - 100% | E67: Jellinbah Group (Lake Vermont and Jellinbah East) | F67: Mt | I67: Jellinbah total thermal sales from Anglo quarterly reports; Q4 2020 attributable thermal coal production has been split in the Q3 production ratio | AV67: 0.35 | AW67: 0.26 | AX67: 0.36 | AY67: 0.39 | AZ67: 0.2 | BA67: 0.2 | BB67: 0.2 | BC67: 0.25 | BD67: 0.25 | BE67: 0.25 | BF67: 0.25 | BG67: 0.25 | BH67: 0.25 | BI67: 0.25
A68: German Creek - Lake Lindsay Product Split::Metallurgical Coal | B68: VariousOperations_Calculations | C68: 141 | D68: German Creek - Lake Lindsay Product Split | E68: Metallurgical Coal | F68: % | I68: Product split based on calendarised FY values; values for FY 2014 assumed to be equal to average of FY 2012 and '13; CY 2012 assumed to be equal to FY 2013. 2017-18 based on actuals | BO68: 1 | BP68: 1
A69: Jellinbah Group Production Split::Jellinbah East | B69: VariousOperations_Calculations | C69: 148 | D69: Jellinbah Group Production Split | E69: Jellinbah East | F69: % | I69: Product split based on calendarised FY values; values for FY 2014 assumed to be equal to average of FY 2012 and '13; 2020 split assumed same as 2019 split | CJ69: 0.37
A70: Jellinbah Group Production Split::Lake Vermont | B70: VariousOperations_Calculations | C70: 149 | D70: Jellinbah Group Production Split | E70: Lake Vermont | F70: % | I70: Product split based on calendarised FY values; values for FY 2014 assumed to be equal to average of FY 2012 and '13; 2020 split assumed same as 2019 split | CJ70: 0.63
A71: Jellinbah Group Production Split::Jellinbah East | B71: VariousOperations_Calculations | C71: 151 | D71: Jellinbah Group Production Split | E71: Jellinbah East | F71: Mt | H71: MLCCI-1639775051-93391 | I71: Product split based on calendarised FY values; values for FY 2014 assumed to be equal to average of FY 2012 and '13; CY 2012 assumed to be equal to CY 2013. 2019 uses LV QLD Top 10 mines data | BS71: 5.1
A72: Jellinbah Group Production Split::Lake Vermont | B72: VariousOperations_Calculations | C72: 152 | D72: Jellinbah Group Production Split | E72: Lake Vermont | F72: Mt | H72: MLCCI-1639775051-93391 | I72: Product split based on calendarised FY values; values for FY 2014 assumed to be equal to average of FY 2012 and '13; CY 2012 assumed to be equal to CY 2013. 2019 use QLD Top 10 data | BS72: 8.8 | CE72: 8.760029 | CF72: 9.070048 | CG72: 8.856627 | CH72: 9.2548 | CI72: 8.853 | CK72: 9.591418 | CL72: 9.037047 | CM72: 8.863015 | CN72: 8.848547
A73: Lake Vermont product split::HCC | B73: VariousOperations_Calculations | C73: 155 | D73: Lake Vermont product split | E73: HCC | F73: % | I73: Assumed same as old estimate for 2012-2017. 2018 mine started selling thermal coal, so adjusted the split lower based on the thermal numbers estimated from QLD stats; 2020 split assumed same as 2019 split | CB73: 0.68
A74: Lake Vermont product split::PCI | B74: VariousOperations_Calculations | C74: 156 | D74: Lake Vermont product split | E74: PCI | F74: % | I74: Assumed same as old estimate for 2012-2017. 2018 mine started selling thermal coal, so adjusted the split lower based on the thermal numbers estimated from QLD stats; 2020 split assumed same as 2019 split | CB74: 0.32
A75: Jellinbah East - washing::Share of washed raw coal in total production of Jellinbah East | B75: VariousOperations_Calculations | C75: 169 | D75: Jellinbah East - washing | E75: Share of washed raw coal in total production of Jellinbah East | F75: % | CB75: 0.2 | CC75: 0.2 | CD75: 0.2 | CE75: 0.2 | CF75: 0.2 | CG75: 0.2 | CH75: 0.2 | CI75: 0.2 | CJ75: 0.2 | CK75: 0.2 | CL75: 0.2 | CM75: 0.2 | CN75: 0.2
A76: Jellinbah East - washing::PCI | B76: VariousOperations_Calculations | C76: 176 | D76: Jellinbah East - washing | E76: PCI | F76: % | I76: 2012, 2014-15 assumed same as 2013; Only PCI production in 2020 | CB76: 0.5 | CC76: 0.5 | CD76: 0.5 | CE76: 0.5 | CF76: 0.5 | CG76: 0.5 | CH76: 0.5 | CI76: 0.5 | CJ76: 1 | CK76: 1 | CL76: 1 | CM76: 1 | CN76: 1
A77: Resources::Total | B77: VariousOperations_Calculations | C77: 185 | D77: Resources | E77: Total | F77: Mt | CG77: 200
A78: Emissions - Scope 1::Capcoal (Grasstree, Lake Lindsay and Aquila mines) | B78: VariousOperations_Calculations | C78: 192 | D78: Emissions - Scope 1 | E78: Capcoal (Grasstree, Lake Lindsay and Aquila mines) | F78: t CO2 eq. | BS78: 2113068 | BT78: 2148974 | BU78: 2795332 | BV78: 3149800 | BW78: 3245172
A79: Emissions - Scope 1::Dawson | B79: VariousOperations_Calculations | C79: 193 | D79: Emissions - Scope 1 | E79: Dawson | F79: t CO2 eq. | H79: MLCCI-1066059444-43474; MLCCI-1066059444-54969; MLCCI-1639775051-116802; MLCCI-1639775051-116803; MLCCI-1639775051-116804; MLCCI-1639775051-116805; MLCCI-1639775051-128684 | BS79: 422986 | BT79: 358677 | BU79: 445646 | BV79: 570556 | BW79: 435649 | BX79: 432807 | BY79: 466404
A80: Emissions - Scope 1::Grosvenor | B80: VariousOperations_Calculations | C80: 194 | D80: Emissions - Scope 1 | E80: Grosvenor | F80: t CO2 eq. | H80: MLCCI-1066059444-43474; MLCCI-1066059444-54969; MLCCI-1639775051-116802; MLCCI-1639775051-116803; MLCCI-1639775051-116804; MLCCI-1639775051-116805; MLCCI-1639775051-128684 | I80: From FY 2016-2017 to 2019-2020 the numbers are reported on a factor of GWP 25 basis. Hence converted | BW80: 439896 | BX80: 775806 | BY80: 972605
A81: Emissions - Scope 1::Moranbah North | B81: VariousOperations_Calculations | C81: 195 | D81: Emissions - Scope 1 | E81: Moranbah North | F81: t CO2 eq. | H81: MLCCI-1066059444-43474; MLCCI-1066059444-54969; MLCCI-1639775051-116802; MLCCI-1639775051-116803; MLCCI-1639775051-116804; MLCCI-1639775051-116805; MLCCI-1639775051-128684 | I81: From FY 2016-2017 to 2019-2020 the numbers are reported on a factor of GWP 25 basis. Hence converted | BW81: 2529216 | BX81: 2006377 | BY81: 2272445
A82: Emissions - Scope 1::Jellinbah | B82: VariousOperations_Calculations | C82: 196 | D82: Emissions - Scope 1 | E82: Jellinbah | F82: t CO2 eq. | H82: MLCCI-1066059444-43474; MLCCI-1066059444-54969; MLCCI-1639775051-116802; MLCCI-1639775051-116803; MLCCI-1639775051-116804; MLCCI-1639775051-116805; MLCCI-1639775051-128684 | BS82: 242448 | BT82: 255299 | BU82: 250023 | BV82: 246250 | BW82: 253099 | BX82: 241538 | BY82: 258143
A83: Emissions - Scope 1::Lake Vermont | B83: VariousOperations_Calculations | C83: 197 | D83: Emissions - Scope 1 | E83: Lake Vermont | F83: t CO2 eq. | H83: MLCCI-1066059444-43474; MLCCI-1066059444-54969; MLCCI-1639775051-116802; MLCCI-1639775051-116803; MLCCI-1639775051-116804; MLCCI-1639775051-116805; MLCCI-1639775051-128684 | BS83: 210118 | BT83: 278642 | BU83: 247922 | BV83: 300794 | BW83: 393671 | BX83: 369934 | BY83: 312954
A84: Average realised price::PHCC | B84: VariousOperations_Calculations | C84: 209 | D84: Average realised price | E84: PHCC | F84: USD/mt | CE84: 94 | CF84: 119 | CG84: 187 | CH84: 194 | CI84: 171 | CJ84: 112 | CK84: 211 | CL84: 310
A85: Average realised price::PCI | B85: VariousOperations_Calculations | C85: 210 | D85: Average realised price | E85: PCI | F85: USD/mt | CE85: 77 | CF85: 77 | CG85: 125 | CH85: 128 | CI85: 110 | CJ85: 84 | CK85: 138 | CL85: 271
A86: Reference price MineSpans::PHCC | B86: VariousOperations_Calculations | C86: 212 | D86: Reference price MineSpans | E86: PHCC | F86: USD/mt | CE86: 91.70596 | CF86: 141.0873 | CG86: 188.5706 | CH86: 207.0964 | CI86: 171.95 | CJ86: 125.4196 | CK86: 224.2684 | CL86: 371.0508
A87: Reference price MineSpans::PCI | B87: VariousOperations_Calculations | C87: 213 | D87: Reference price MineSpans | E87: PCI | F87: USD/mt | CE87: 81.15725 | CF87: 90.96481 | CG87: 135.9076 | CH87: 146.986 | CI87: 123.148 | CJ87: 91.994 | CK87: 154.58 | CL87: 294.965
A88: Lake Lindsay Product Share::HCC | B88: VariousOperations_Calculations | C88: 218 | D88: Lake Lindsay Product Share | E88: HCC | F88: Mt | H88: MLCCI-1066059444-54832; MLCCI-1066059444-62827 | BN88: 5.748242 | BO88: 5.368041 | BP88: 5.082537 | BQ88: 4.890009 | BR88: 3.811109 | BS88: 2.764518 | BT88: 2.714993 | BU88: 3.110368 | BV88: 3.584946 | BW88: 2.977936 | BX88: 2.110922 | BY88: 0.840177 | BZ88: 0.965407 | CA88: 1.531223
A89: Lake Lindsay Product Share::Thermal | B89: VariousOperations_Calculations | C89: 219 | D89: Lake Lindsay Product Share | E89: Thermal | F89: Mt | H89: MLCCI-1066059444-54832; MLCCI-1066059444-62827 | BN89: 0.075179 | BQ89: 0.175533 | BR89: 0.577298 | BS89: 0.351755 | BT89: 0.400411 | BU89: 0.400411 | BV89: 0.573428 | BW89: 0.661847 | BX89: 0.39426 | BY89: 0.401758 | BZ89: 0.339751 | CA89: 0.540319
A90: Lake Lindsay Product Share::PCI | B90: VariousOperations_Calculations | C90: 220 | D90: Lake Lindsay Product Share | E90: PCI | F90: Mt | H90: MLCCI-1066059444-54832; MLCCI-1066059444-62827 | BX90: 0.129397 | BY90: 2.045159 | BZ90: 1.729667 | CA90: 1.674268
A91: Employees::Employees::Dawson | B91: VariousOperations_Employees | C91: 12 | D91: Employees | E91: Dawson | F91: Headcount | J91: 1927 | K91: 1618 | L91: 1632 | M91: 1563 | N91: 1522 | O91: 1577 | P91: 1768 | Q91: 1481 | R91: 1384 | S91: 1243 | T91: 1241 | U91: 1255 | V91: 1342 | W91: 1276 | X91: 1354 | Y91: 1248 | Z91: 1220 | AA91: 1219 | AB91: 1211 | AC91: 1234 | AD91: 1221 | AE91: 1206 | AF91: 1271 | AG91: 1314 | AH91: 1334 | AI91: 1404 | AJ91: 1444 | AK91: 1483 | AL91: 1457 | AM91: 1536 | AN91: 1499 | AO91: 1609 | AP91: 1687 | AQ91: 1676 | AR91: 1353 | AS91: 1243 | AT91: 1421 | AU91: 1426 | AV91: 1379 | AW91: 1458 | AX91: 1359 | AY91: 1471 | AZ91: 1403 | BA91: 1461 | BB91: 1454 | BC91: 1477 | BD91: 1516 | BE91: 1428 | BF91: 1517 | BG91: 1556 | BH91: 1587 | BI91: 1603
A92: Employees::Employees::Jellinbah East | B92: VariousOperations_Employees | C92: 13 | D92: Employees | E92: Jellinbah East | F92: Headcount | J92: 428 | K92: 484 | L92: 494 | M92: 488 | N92: 488 | O92: 501 | P92: 502 | Q92: 496 | R92: 486 | S92: 444 | T92: 432 | U92: 391 | V92: 236 | W92: 226 | X92: 231 | Y92: 227 | Z92: 227 | AA92: 231 | AB92: 233 | AC92: 262 | AD92: 249 | AE92: 262 | AF92: 265 | AG92: 273 | AH92: 275 | AI92: 287 | AJ92: 297 | AK92: 293 | AL92: 299 | AM92: 308 | AN92: 325 | AO92: 332 | AP92: 347 | AQ92: 346 | AR92: 371 | AS92: 399 | AT92: 397 | AU92: 417 | AV92: 457 | AW92: 438 | AX92: 470 | AY92: 505 | AZ92: 503 | BA92: 497 | BB92: 575 | BC92: 654 | BD92: 757 | BE92: 803 | BF92: 776 | BG92: 864 | BH92: 909 | BI92: 880
A93: Employees::Employees::Jellinbah Plains | B93: VariousOperations_Employees | C93: 14 | D93: Employees | E93: Jellinbah Plains | F93: Headcount | V93: 179 | W93: 201 | X93: 190 | Y93: 191 | Z93: 182 | AA93: 201 | AB93: 196 | AC93: 190 | AD93: 201 | AE93: 190 | AF93: 215 | AG93: 237 | AH93: 207 | AI93: 212 | AJ93: 202 | AK93: 199 | AL93: 200 | AM93: 209 | AN93: 226 | AO93: 214 | AP93: 204 | AQ93: 182 | AR93: 166 | AS93: 101
A94: Employees::Employees::Lake Vermont | B94: VariousOperations_Employees | C94: 15 | D94: Employees | E94: Lake Vermont | F94: Headcount | J94: 400 | K94: 496 | L94: 520 | M94: 486 | N94: 466 | O94: 664 | P94: 837 | Q94: 792 | R94: 738 | S94: 769 | T94: 763 | U94: 687 | V94: 765 | W94: 633 | X94: 745 | Y94: 741 | Z94: 643 | AA94: 678 | AB94: 765 | AC94: 674 | AD94: 686 | AE94: 709 | AF94: 828 | AG94: 714 | AH94: 734 | AI94: 775 | AJ94: 792 | AK94: 815 | AL94: 811 | AM94: 737 | AN94: 971 | AO94: 841 | AP94: 995 | AQ94: 872 | AR94: 935 | AS94: 850 | AT94: 995 | AU94: 852 | AV94: 838 | AW94: 777 | AX94: 683 | AY94: 742 | AZ94: 806 | BA94: 878 | BB94: 712 | BC94: 771 | BD94: 810 | BE94: 885 | BF94: 884 | BG94: 784 | BH94: 949 | BI94: 945
A95: Employees::Employees::Grasstree | B95: VariousOperations_Employees | C95: 16 | D95: Employees | E95: Grasstree | F95: Headcount | J95: 757 | K95: 803 | L95: 827 | M95: 627 | N95: 525 | O95: 577 | P95: 638 | Q95: 613 | R95: 670 | S95: 668 | T95: 748 | U95: 607 | V95: 704 | W95: 798 | X95: 797 | Y95: 776 | Z95: 735 | AA95: 752 | AB95: 766 | AC95: 767 | AD95: 658 | AE95: 770 | AF95: 737 | AG95: 746 | AH95: 833 | AI95: 753 | AJ95: 747 | AK95: 838 | AL95: 887 | AM95: 875 | AN95: 911 | AO95: 911 | AP95: 816 | AQ95: 905 | AR95: 786 | AS95: 729 | AT95: 684 | AU95: 545 | AV95: 387 | AW95: 271 | AX95: 187 | AY95: 95 | AZ95: 101 | BA95: 99
A96: Employees::Employees::Grosvenor | B96: VariousOperations_Employees | C96: 17 | D96: Employees | E96: Grosvenor | F96: Headcount | L96: 141 | M96: 293 | N96: 568 | P96: 714 | Q96: 853 | R96: 659 | S96: 651 | T96: 725 | U96: 988 | V96: 1016 | W96: 1016 | X96: 1508 | Y96: 1158 | Z96: 797 | AA96: 648 | AB96: 622 | AC96: 669 | AD96: 717 | AE96: 643 | AF96: 693 | AG96: 777 | AH96: 692 | AI96: 684 | AJ96: 767 | AK96: 771 | AL96: 795 | AM96: 795 | AN96: 833 | AO96: 902 | AP96: 908 | AQ96: 849 | AV96: 601 | AW96: 806 | AX96: 691 | AY96: 735 | AZ96: 821 | BA96: 894 | BB96: 971 | BC96: 1376 | BD96: 1138 | BE96: 1118 | BF96: 1194 | BG96: 1093 | BH96: 404 | BI96: 262
A97: Employees::Employees::Moranbah North | B97: VariousOperations_Employees | C97: 18 | D97: Employees | E97: Moranbah North | F97: Headcount | J97: 913 | K97: 889 | L97: 856 | M97: 692 | N97: 737 | O97: 802 | P97: 537 | Q97: 716 | R97: 815 | S97: 820 | T97: 729 | U97: 691 | V97: 657 | W97: 721 | X97: 794 | Y97: 728 | Z97: 840 | AB97: 696 | AC97: 782 | AD97: 795 | AE97: 882 | AF97: 830 | AG97: 873 | AH97: 950 | AI97: 1123 | AJ97: 1013 | AK97: 1181 | AL97: 1245 | AM97: 1237 | AN97: 1291 | AO97: 1372 | AP97: 1452 | AQ97: 1285 | AR97: 1136 | AS97: 1171 | AT97: 1125 | AU97: 1198 | AV97: 1227 | AW97: 1313 | AX97: 1317 | AY97: 1069 | AZ97: 1275 | BA97: 1229 | BB97: 1180 | BC97: 1133 | BD97: 1140 | BE97: 1113 | BF97: 1129 | BG97: 1179 | BH97: 1276 | BI97: 1370
A98: Employees::Employees::Aquila | B98: VariousOperations_Employees | C98: 19 | D98: Employees | E98: Aquila | F98: Headcount | O98: 84 | S98: 9 | W98: 1 | AE98: 1 | AM98: 16 | AN98: 38 | AO98: 167 | AP98: 266 | AQ98: 317 | AR98: 336 | AS98: 355 | AT98: 477 | AU98: 583 | AV98: 582 | AW98: 660 | AX98: 613 | AY98: 657 | AZ98: 739 | BA98: 689 | BB98: 721 | BC98: 696 | BD98: 738 | BE98: 727 | BF98: 738 | BG98: 749 | BH98: 738 | BI98: 735
A99: Employees::Employees::Capcoal Surface Coal Mine | B99: VariousOperations_Employees | C99: 20 | D99: Employees | E99: Capcoal Surface Coal Mine | F99: Headcount | J99: 1027 | K99: 1002 | L99: 878 | M99: 881 | N99: 768 | O99: 793 | P99: 848 | Q99: 860 | R99: 802 | S99: 920 | T99: 881 | U99: 886 | V99: 824 | W99: 1041 | X99: 840 | Y99: 660 | Z99: 699 | AA99: 681 | AB99: 641 | AC99: 611 | AD99: 472 | AE99: 484 | AF99: 664 | AG99: 653 | AH99: 751 | AI99: 787 | AJ99: 881 | AK99: 817 | AL99: 906 | AM99: 955 | AO99: 1023 | AP99: 944 | AQ99: 1019 | AR99: 986 | AS99: 817 | AT99: 909 | AU99: 986 | AV99: 938 | AW99: 895 | AX99: 1010 | AY99: 1043 | AZ99: 972 | BA99: 1105 | BB99: 1022 | BC99: 1148 | BD99: 1181 | BE99: 1190 | BF99: 1271 | BG99: 1185 | BH99: 1103 | BI99: 1117
A100: Employees::Jellinbah East::Permanent | B100: VariousOperations_Employees | C100: 29 | D100: Jellinbah East | E100: Permanent | F100: Headcount | CJ100: 250
...

Sheet VariousOperations_Calculations
A1: Anglo American Coal - Various Operations
A3: Color Legend
A4: Sourced datapoint
A5: Calculation
A6: Assumption | D6: Quarterly Production
D7: 2012 | E7: 2012 | F7: 2012 | G7: 2012 | H7: 2013 | I7: 2013 | J7: 2013 | K7: 2013 | L7: 2014 | M7: 2014 | N7: 2014 | O7: 2014 | P7: 2015 | Q7: 2015 | R7: 2015 | S7: 2015 | T7: 2016 | U7: 2016 | V7: 2016 | W7: 2016 | X7: 2017 | Y7: 2017 | Z7: 2017 | AA7: 2017 | AB7: 2018 | AC7: 2018 | AD7: 2018 | AE7: 2018 | AF7: 2019 | AG7: 2019 | AH7: 2019 | AI7: 2019 | AJ7: 2020 | AK7: 2020 | AL7: 2020 | AM7: 2020 | AN7: 2021 | AO7: 2021 | AP7: 2021 | AQ7: 2021 | AR7: 2022 | AS7: 2022 | AT7: 2022 | AU7: 2022 | AV7: 2023 | AW7: 2023 | AX7: 2023 | AY7: 2023 | AZ7: 2024 | BA7: 2024 | BB7: 2024 | BC7: 2024 | BD7: 2025 | BE7: 2025 | BF7: 2025 | BG7: 2025 | BX7: CY Production (100%) | CE7: CY Production (100%) | CU7: Source | CW7: Source
B8: Unit | C8: Anglo's Share (%) | D8: Q1 | E8: Q2 | F8: Q3 | G8: Q4 | H8: Q1 | I8: Q2 | J8: Q3 | K8: Q4 | L8: Q1 | M8: Q2 | N8: Q3 | O8: Q4 | P8: Q1 | Q8: Q1 | R8: Q3 | S8: Q4 | T8: Q1 | U8: Q2 | V8: Q3 | W8: Q4 | X8: Q1 | Y8: Q2 | Z8: Q3 | AA8: Q4 | AB8: Q1 | AC8: Q2 | AD8: Q3 | AE8: Q4 | AF8: Q1 | AG8: Q2 | AH8: Q3 | AI8: Q4 | AJ8: Q1 | AK8: Q2 | AL8: Q3 | AM8: Q4 | AN8: Q1 | AO8: Q2 | AP8: Q3 | AQ8: Q4 | AR8: Q1 | AS8: Q2 | AT8: Q3 | AU8: Q4 | AV8: Q1 | AW8: Q2 | AX8: Q3 | AY8: Q4 | AZ8: Q1 | BA8: Q2 | BB8: Q3 | BC8: Q4 | BD8: Q1 | BE8: Q2 | BF8: Q3 | BG8: Q4 | BI8: FY2012 2011-2012 | BJ8: FY2013 2012-2013 | BK8: FY2014 2013-2014 | BL8: FY2015 2014-2015 | BM8: FY2016 2015-2016 | BN8: FY2017 2016-2017 | BO8: FY2018 2017-2018 | BP8: FY2019 2018-2019 | BQ8: FY2020 2019-2020 | BR8: FY2021 2020-2021 | BS8: FY2022 2021-2022 | BT8: FY2023 2022-2023 | BU8: FY2024 2023-2024 | BV8: FY2025 2024-2025 | BX8: 2012 | BY8: 2013 | BZ8: 2014 | CA8: 2015 | CB8: 2016 | CC8: 2017 | CE8: 2012 | CF8: 2013 | CG8: 2014 | CH8: 2015 | CI8: 2016 | CJ8: 2017 | CK8: 2018 | CL8: 2019 | CM8: 2020 | CN8: 2021 | CO8: 2022 | CP8: 2023 | CQ8: 2024 | CS8: Comment/Description | CU8: Anglo Share(%) | CW8: FY2012 2011-2012 | CX8: FY2013 2012-2013 | CY8: FY2014 2013-2014 | CZ8: FY2015 2014-2015 | DA8: FY2016 2015-2016 | DB8: FY2017 2016-2017 | DC8: FY2018 2017-2018 | DD8: FY2019 2018-2019 | DE8: FY2020 2019-2020 | DF8: FY2021 2020-2021 | DG8: FY2022 2021-2022 | DH8: FY2023 2022-2023 | DI8: FY2024 2023-2024 | DJ8: FY2025 2024-2025 | DL8: Capacity | DM8: 2012 Q1 | DN8: 2012 Q2 | DO8: 2012 Q3 | DP8: 2012 Q4 | DQ8: 2013 Q1 | DR8: 2013 Q2 | DS8: 2013 Q3 | DT8: 2013 Q4 | DU8: 2014 Q1 | DV8: 2014 Q2 | DW8: 2014 Q3 | DX8: 2014 Q4 | DY8: 2015 Q1 | DZ8: 2015 Q2 | EA8: 2015 Q3 | EB8: 2015 Q4 | EC8: 2016 Q1 | ED8: 2016 Q2 | EE8: 2016 Q3 | EF8: 2016 Q4 | EG8: 2017 Q1 | EH8: 2017 Q2 | EI8: 2017 Q3 | EJ8: 2017 Q4 | EK8: 2018 Q1 | EL8: 2018 Q2 | EM8: 2018 Q3 | EN8: 2018 Q4 | EO8: 2019 Q1 | EP8: 2019 Q2 | EQ8: 2019 Q3 | ER8: 2019 Q4 | ES8: 2020 Q1 | ET8: 2020 Q2 | EU8: 2020 Q3 | EV8: 2020 Q4 | EW8: 2021 Q1 | EX8: 2021 Q2 | EY8: 2021 Q3 | EZ8: 2021 Q4 | FA8: 2022 Q1 | FB8: 2022 Q2 | FC8: 2022 Q3 | FD8: 2022 Q4 | FE8: 2023 Q1 | FF8: 2023 Q2 | FG8: 2023 Q3 | FH8: 2023 Q4 | FI8: 2024 Q1 | FJ8: 2024 Q2 | FK8: 2024 Q3 | FL8: 2024 Q4 | FN8: 2012 | FO8: 2013 | FP8: 2014 | FQ8: 2015 | FR8: 2016 | FS8: 2017 | FT8: 2018 | FU8: 2019 | FV8: 2020 | FW8: 2021 | FX8: 2022 | FY8: 2023 | FZ8: 2024
A9: Coal production - Mine Level
A10: Callide | B10: Mt | C10: 100 | H10: =SourcedData!N2/$C$10% -> 1.1514 | I10: =SourcedData!O2/$C$10% -> 1.7253 | J10: =SourcedData!P2/$C$10% -> 1.7523 | K10: =SourcedData!Q2/$C$10% -> 1.6888 | L10: =SourcedData!R2/$C$10% -> 1.2292 | M10: =SourcedData!S2/$C$10% -> 1.8446 | N10: =SourcedData!T2/$C$10% -> 2.3185 | O10: =SourcedData!U2/$C$10% -> 2.1647 | ... W10: =SourcedData!AC2/$C$10% -> 0.7384 | BX10: =SourcedData!CB2 -> 7.464 | CE10: =BX10/C10% -> 7.464 | CF10: =SUMIF($H$7:$AA$7,CF$8,$H10:$AA10) -> 6.3178 | CG10: =SUMIF($H$7:$AA$7,CG$8,$H10:$AA10) -> 7.557 | CH10: =SUMIF($H$7:$AA$7,CH$8,$H10:$AA10) -> 7.9304 | CI10: =SUMIF($H$7:$AA$7,CI$8,$H10:$AA10) -> 6.2308 | CS10: Total production on 100% basis. Sold end of 2016 | CU10: MLCCI-1639775051-8792 | DQ10: MLCCI-6-1114 | DR10: MLCCI-6-1114 | DS10: MLCCI-6-1114 | DT10: MLCCI-6-1114 | DU10: MLCCI-1639775051-92906 | DV10: MLCCI-1639775051-92906 | DW10: MLCCI-1639775051-92906 | DX10: MLCCI-1639775051-92906 | DY10: MLCCI-991351766-5109 | DZ10: MLCCI-991351766-5109 | EA10: MLCCI-991351766-5109 | EB10: MLCCI-991351766-5109 | EC10: MLCCI-1639775051-23485 | ED10: MLCCI-1639775051-23485 | EE10: MLCCI-1639775051-23485 | EF10: MLCCI-1639775051-23485 | FN10: MLCCI-6-1112
A11: Capcoal (Grasstree, Lake Lindsay and Aquila mines) | B11: Mt | C11: 70 | H11: =SourcedData!N3/$C$11% -> 2.0221429 | I11: =SourcedData!O3/$C$11% -> 2.0872857 | J11: =SourcedData!P3/$C$11% -> 2.2942857 | K11: =SourcedData!Q3/$C$11% -> 2.2554286 | L11: =SourcedData!R3/$C$11% -> 2.721 | M11: =SourcedData!S3/$C$11% -> 2.6392857 | N11: =SourcedData!T3/$C$11% -> 2.5947143 | O11: =SourcedData!U3/$C$11% -> 2.9632857 | ... W11: =SourcedData!AC3/$C$11% -> 1.7574286 | X11: =X93+X115 -> 2.437297 | Y11: =Y93+Y115 -> 2.0626629 | Z11: =Z93+Z115 -> 2.4239043 | AA11: =AA93+AA115 -> 2.3195686 | AB11: =AB93+AB115 -> 1.9979494 | AC11: =AC93+AC115 -> 1.900156 | AD11: =AD93+AD115 -> 2.2370618 | AE11: =AE93+AE115 -> 1.9654759 | ... BC11: =BC93+BC115 -> 1.573765 | BX11: =SourcedData!CB3 -> 6.0224 | CE11: =BX11/C11% -> 8.6034286 | CF11: =SUMIF($H$7:$AA$7,CF$8,$H11:$AA11) -> 8.6591429 | CG11: =SUMIF($H$7:$AA$7,CG$8,$H11:$AA11) -> 10.918286 | CH11: =SUMIF($H$7:$AA$7,CH$8,$H11:$AA11) -> 12.413857 | CI11: =SUMIF($H$7:$AA$7,CI$8,$H11:$AA11) -> 9.7612857 | CJ11: =SUMIF($D$7:$BH$7,CJ$8,$D11:$BH11) -> 9.2434328 | CK11: =SUMIF($D$7:$BH$7,CK$8,$D11:$BH11) -> 8.1006431 | CL11: =SUMIF($D$7:$BH$7,CL$8,$D11:$BH11) -> 8.4796258 | CM11: =SUMIF($D$7:$BH$7,CM$8,$D11:$BH11) -> 8.1788883 | CN11: =SUMIF($D$7:$BH$7,CN$8,$D11:$BH11) -> 8.5998838 | CO11: =SUMIF($D$7:$BH$7,CO$8,$D11:$BH11) -> 5.0565008 | CP11: =SUMIF($D$7:$BH$7,CP$8,$D11:$BH11) -> 5.9597806 | CQ11: =SUMIF($D$7:$BH$7,CQ$8,$D11:$BH11) -> 5.4541357 | CS11: Total production on 100% basis; calculated using attributable production and % stake of the company in mine; Calculated using sum of quarterly figures except for 2012; For 2012 calendar year is considered and calculated using attributable production and % stake of the company in mine | CU11: MLCCI-6-1112 | DQ11: MLCCI-6-1114 | DR11: MLCCI-6-1114 | DS11: MLCCI-6-1114 | DT11: MLCCI-6-1114 | DU11: MLCCI-1639775051-92906 | DV11: MLCCI-1639775051-92906 | DW11: MLCCI-1639775051-92906 | DX11: MLCCI-1639775051-92906 | DY11: MLCCI-991351766-5109 | DZ11: MLCCI-991351766-5109 | EA11: MLCCI-991351766-5109 | EB11: MLCCI-991351766-5109 | EC11: MLCCI-1639775051-23485 | ED11: MLCCI-1639775051-23485 | EE11: MLCCI-1639775051-23485 | EF11: MLCCI-1639775051-23485 | EG11: MLCCI-1639775051-83982 | EH11: MLCCI-1639775051-83982 | EI11: MLCCI-1639775051-83982 | EJ11: MLCCI-1639775051-83982 | EK11: MLCCI-1639775051-95005 | EL11: MLCCI-1639775051-95005 | EM11: MLCCI-1639775051-95005 | EN11: MLCCI-1639775051-95005 | EO11: MLCCI-1639775051-105346 | EP11: MLCCI-1639775051-105346 | EQ11: MLCCI-1639775051-105346 | ER11: MLCCI-1639775051-105346 | FN11: MLCCI-6-1112
A12: Dawson | B12: Mt | C12: 51 | H12: =SourcedData!N4/$C$12% -> 1.4756863 | I12: =SourcedData!O4/$C$12% -> 2.1119608 | J12: =SourcedData!P4/$C$12% -> 1.9476471 | K12: =SourcedData!Q4/$C$12% -> 2.2798039 | L12: =SourcedData!R4/$C$12% -> 2.0054902 | M12: =SourcedData!S4/$C$12% -> 2.1592157 | N12: =SourcedData!T4/$C$12% -> 2.0419608 | O12: =SourcedData!U4/$C$12% -> 2.107451 | ... AA12: =SourcedData!AG4/$C$12% -> 1.2362745 | AB12: =AB86+AB113 -> 1.272549 | AC12: =AC86+AC113 -> 1.7794118 | AD12: =AD86+AD113 -> 1.64 | AE12: =AE86+AE113 -> 1.9345098 | AF12: =AF86+AF113 -> 1.7580392 | AG12: =AG86+AG113 -> 1.8023529 | AH12: =AH86+AH113 -> 2.012549 | AI12: =AI86+AI113 -> 2.0890196 | ... BC12: =BC86+BC113 -> 2.1568627 | BX12: =SourcedData!CB4 -> 4.5935 | CE12: =BX12/C12% -> 9.0068627 | CF12: =SUMIF($H$7:$AA$7,CF$8,$H12:$AA12) -> 7.815098 | CG12: =SUMIF($H$7:$AA$7,CG$8,$H12:$AA12) -> 8.3141176 | CH12: =SUMIF($H$7:$AA$7,CH$8,$H12:$AA12) -> 8.4598039 | CI12: =SUMIF($H$7:$AA$7,CI$8,$H12:$AA12) -> 9.0366667 | CJ12: =SUMIF($D$7:$BH$7,CJ$8,$D12:$BH12) -> 7.4160784 | CK12: =SUMIF($D$7:$BH$7,CK$8,$D12:$BH12) -> 6.6264706 | CL12: =SUMIF($D$7:$BH$7,CL$8,$D12:$BH12) -> 7.6619608 | CM12: =SUMIF($D$7:$BH$7,CM$8,$D12:$BH12) -> 7.4780392 | CN12: =SUMIF($D$7:$BH$7,CN$8,$D12:$BH12) -> 6.9169731 | CO12: =SUMIF($D$7:$BH$7,CO$8,$D12:$BH12) -> 6.1927451 | CP12: =SUMIF($D$7:$BH$7,CP$8,$D12:$BH12) -> 7.0401961 | CQ12: =SUMIF($D$7:$BH$7,CQ$8,$D12:$BH12) -> 6.9 | CS12: Total production on 100% basis; calculated using attributable production and % stake of the company in mine; Calculated using sum of quarterly figures except for 2012; For 2012 calendar year is considered and calculated using attributable production and % stake of the company in mine | CU12: MLCCI-6-1112 | DQ12: MLCCI-6-1114 | DR12: MLCCI-6-1114 | DS12: MLCCI-6-1114 | DT12: MLCCI-6-1114 | DU12: MLCCI-1639775051-92906 | DV12: MLCCI-1639775051-92906 | DW12: MLCCI-1639775051-92906 | DX12: MLCCI-1639775051-92906 | DY12: MLCCI-991351766-5109 | DZ12: MLCCI-991351766-5109 | EA12: MLCCI-991351766-5109 | EB12: MLCCI-991351766-5109 | EC12: MLCCI-1639775051-23485 | ED12: MLCCI-1639775051-23485 | EE12: MLCCI-1639775051-23485 | EF12: MLCCI-1639775051-23485 | EG12: MLCCI-1639775051-83982 | EH12: MLCCI-1639775051-83982 | EI12: MLCCI-1639775051-83982 | EJ12: MLCCI-1639775051-83982 | EK12: MLCCI-1639775051-95005 | EL12: MLCCI-1639775051-95005 | EM12: MLCCI-1639775051-95005 | EN12: MLCCI-1639775051-95005 | EO12: MLCCI-1639775051-105346 | EP12: MLCCI-1639775051-105346 | EQ12: MLCCI-1639775051-105346 | ER12: MLCCI-1639775051-105346 | FN12: MLCCI-6-1112
A13: Drayton | B13: Mt | C13: 88 | H13: =SourcedData!N5/$C$13% -> 1.0152273 | I13: =SourcedData!O5/$C$13% -> 0.89204545 | J13: =SourcedData!P5/$C$13% -> 1.1998864 | K13: =SourcedData!Q5/$C$13% -> 1.1095455 | L13: =SourcedData!R5/$C$13% -> 0.74897727 | M13: =SourcedData!S5/$C$13% -> 0.80511364 | N13: =SourcedData!T5/$C$13% -> 0.92840909 | O13: =SourcedData!U5/$C$13% -> 1.0456818 | ... W13: =SourcedData!AC5/$C$13% -> 0.093522727 | BX13: =SourcedData!CB5 -> 3.6633 | CE13: =BX13/C13% -> 4.1628409 | CF13: =SUMIF($H$7:$AA$7,CF$8,$H13:$AA13) -> 4.2167045 | CG13: =SUMIF($H$7:$AA$7,CG$8,$H13:$AA13) -> 3.5281818 | CH13: =SUMIF($H$7:$AA$7,CH$8,$H13:$AA13) -> 2.4113636 | CI13: =SUMIF($H$7:$AA$7,CI$8,$H13:$AA13) -> 1.3267045 | CS13: Total production on 100% basis; calculated using attributable production and % stake of the company in mine; Calculated using sum of quarterly figures except for 2012; For 2012 calendar year is considered and calculated using attributable production and % stake of the company in mine; Ceased mining activities at the Drayton mine in 2016. | CU13: MLCCI-6-1112 | DQ13: MLCCI-6-1114 | DR13: MLCCI-6-1114 | DS13: MLCCI-6-1114 | DT13: MLCCI-6-1114 | DU13: MLCCI-1639775051-92906 | DV13: MLCCI-1639775051-92906 | DW13: MLCCI-1639775051-92906 | DX13: MLCCI-1639775051-92906 | DY13: MLCCI-991351766-5109 | DZ13: MLCCI-991351766-5109 | EA13: MLCCI-991351766-5109 | EB13: MLCCI-991351766-5109 | EC13: MLCCI-1639775051-23485 | ED13: MLCCI-1639775051-23485 | EE13: MLCCI-1639775051-23485 | EF13: MLCCI-1639775051-23485 | FN13: MLCCI-6-1112
A14: Foxleigh | B14: Mt | C14: 70 | H14: =SourcedData!N6/$C$14% -> 0.75428571 | I14: =SourcedData!O6/$C$14% -> 0.67957143 | J14: =SourcedData!P6/$C$14% -> 0.77285714 | K14: =SourcedData!Q6/$C$14% -> 0.60271429 | L14: =SourcedData!R6/$C$14% -> 0.61842857 | M14: =SourcedData!S6/$C$14% -> 0.67314286 | N14: =SourcedData!T6/$C$14% -> 0.78742857 | O14: =SourcedData!U6/$C$14% -> 0.82742857 | ... V14: =SourcedData!AB6/$C$14% -> 0.627 | BX14: =SourcedData!CB6 -> 1.896 | CE14: =BX14/C14% -> 2.7085714 | CF14: =SUMIF($H$7:$AA$7,CF$8,$H14:$AA14) -> 2.8094286 | CG14: =SUMIF($H$7:$AA$7,CG$8,$H14:$AA14) -> 2.9064286 | CH14: =SUMIF($H$7:$AA$7,CH$8,$H14:$AA14) -> 2.658 | CS14: Total production on 100% basis; calculated using attributable production and % stake of the company in mine; Calculated using sum of quarterly figures except for 2012; For 2012 calendar year is considered and calculated using attributable production and % stake of the company in mine. SOld end of 2016 | CU14: MLCCI-1639775051-8792 | DQ14: MLCCI-6-1114 | DR14: MLCCI-6-1114 | DS14: MLCCI-6-1114 | DT14: MLCCI-6-1114 | DU14: MLCCI-1639775051-92906 | DV14: MLCCI-1639775051-92906 | DW14: MLCCI-1639775051-92906 | DX14: MLCCI-1639775051-92906 | DY14: MLCCI-991351766-5109 | DZ14: MLCCI-991351766-5109 | EA14: MLCCI-991351766-5109 | EB14: MLCCI-991351766-5109 | EC14: MLCCI-1639775051-23485 | ED14: MLCCI-1639775051-23485 | EE14: MLCCI-1639775051-23485 | FN14: MLCCI-6-1112
A15: Jellinbah Group (Lake Vermont and Jellinbah East) | B15: Mt | C15: 23.3 | H15: =SourcedData!N7/$C$15% -> 2.0480687 | I15: =SourcedData!O7/$C$15% -> 2.6180258 | J15: =SourcedData!P7/$C$15% -> 2.8901288 | K15: =SourcedData!Q7/$C$15% -> 3.244206 | L15: =SourcedData!R7/$C$15% -> 2.9077253 | M15: =SourcedData!S7/$C$15% -> 3.2459227 | N15: =SourcedData!T7/$C$15% -> 3.1450644 | O15: =SourcedData!U7/$C$15% -> 3.2493562 | ... AA15: =SourcedData!AG7/$C$15% -> 3.6935622 | AB15: =AB97+AB118 -> 3.7553648 | AC15: =AC97+AC118 -> 3.6386266 | AD15: =AD97+AD118 -> 3.644206 | AE15: =AE97+AE118 -> 3.4678112 | AF15: =AF97+AF118 -> 3.2094421 | AG15: =AG97+AG118 -> 3.1381974 | AH15: =AH97+AH118 -> 3.7437768 | AI15: =AI97+AI118 -> 3.7321888 | ... BC15: =BC97+BC118 -> 1.5675966 | BX15: =SourcedData!CB7 -> 2.0732 | CE15: =BX15/C15% -> 8.8978541 | CF15: =SUMIF($H$7:$AA$7,CF$8,$H15:$AA15) -> 10.800429 | CG15: =SUMIF($H$7:$AA$7,CG$8,$H15:$AA15) -> 12.548069 | CH15: =SUMIF($H$7:$AA$7,CH$8,$H15:$AA15) -> 13.739914 | CI15: =SUMIF($H$7:$AA$7,CI$8,$H15:$AA15) -> 14.087124 | CJ15: =SUMIF($D$7:$BH$7,CJ$8,$D15:$BH15) -> 13.972532 | CK15: =SUMIF($D$7:$BH$7,CK$8,$D15:$BH15) -> 14.506009 | CL15: =SUMIF($D$7:$BH$7,CL$8,$D15:$BH15) -> 13.823605 | CM15: =SUMIF($D$7:$BH$7,CM$8,$D15:$BH15) -> 14.753129 | CN15: =SUMIF($D$7:$BH$7,CN$8,$D15:$BH15) -> 14.471926 | CO15: =SUMIF($D$7:$BH$7,CO$8,$D15:$BH15) -> 14.206223 | CP15: =SUMIF($D$7:$BH$7,CP$8,$D15:$BH15) -> 13.962876 | CQ15: =SUMIF($D$7:$BH$7,CQ$8,$D15:$BH15) -> 12.67382 | CS15: Total production on 100% basis; calculated using attributable production and % stake of the company in mine; Calculated using sum of quarterly figures except for 2012; For 2012 calendar year is considered and calculated using attributable production and % stake of the company in mine | CU15: MLCCI-6-1112 | DQ15: MLCCI-6-1114 | DR15: MLCCI-6-1114 | DS15: MLCCI-6-1114 | DT15: MLCCI-6-1114 | DU15: MLCCI-1639775051-92906 | DV15: MLCCI-1639775051-92906 | DW15: MLCCI-1639775051-92906 | DX15: MLCCI-1639775051-92906 | DY15: MLCCI-991351766-5109 | DZ15: MLCCI-991351766-5109 | EA15: MLCCI-991351766-5109 | EB15: MLCCI-991351766-5109 | EC15: MLCCI-1639775051-23485 | ED15: MLCCI-1639775051-23485 | EE15: MLCCI-1639775051-23485 | EF15: MLCCI-1639775051-23485 | EG15: MLCCI-1639775051-83982 | EH15: MLCCI-1639775051-83982 | EI15: MLCCI-1639775051-83982 | EJ15: MLCCI-1639775051-83982 | EK15: MLCCI-1639775051-95005 | EL15: MLCCI-1639775051-95005 | EM15: MLCCI-1639775051-95005 | EN15: MLCCI-1639775051-95005 | EO15: MLCCI-1639775051-105346 | EP15: MLCCI-1639775051-105346 | EQ15: MLCCI-1639775051-105346 | ER15: MLCCI-1639775051-105346 | FN15: MLCCI-6-1112
A16: Moranbah North | B16: Mt | C16: 88 | H16: =SourcedData!N8/$C$16% -> 1.7043182 | I16: =SourcedData!O8/$C$16% -> 1.1947727 | J16: =SourcedData!P8/$C$16% -> 1.4778409 | K16: =SourcedData!Q8/$C$16% -> 1.21 | L16: =SourcedData!R8/$C$16% -> 1.9253409 | M16: =SourcedData!S8/$C$16% -> 0.49386364 | N16: =SourcedData!T8/$C$16% -> 1.2067045 | O16: =SourcedData!U8/$C$16% -> 1.1679545 | ... AD16: =SourcedData!AJ8/$C$16% -> 1.4497727 | AE16: =AE87 -> 2.8240909 | AF16: =AF87 -> 0.27215909 | AG16: =AG87 -> 1.8218182 | AH16: =AH87 -> 2.2421591 | AI16: =AI87 -> 2.6506818 | AJ16: =AJ87 -> 0.51227273 | AK16: =AK87 -> 0.86568182 | AL16: =AL87 -> 2.2823864 | ... BC16: =BC87 -> 0.2 | BX16: =SourcedData!CB8 -> 3.5455 | CE16: =BX16/C16% -> 4.0289773 | CF16: =SUMIF($H$7:$AA$7,CF$8,$H16:$AA16) -> 5.5869318 | CG16: =SUMIF($H$7:$AA$7,CG$8,$H16:$AA16) -> 4.7938636 | CH16: =SUMIF($H$7:$AA$7,CH$8,$H16:$AA16) -> 5.5929545 | CI16: =SUMIF($H$7:$AA$7,CI$8,$H16:$AA16) -> 5.7569318 | CJ16: =SUMIF($D$7:$BH$7,CJ$8,$D16:$BH16) -> 6.1378409 | CK16: =SUMIF($D$7:$BH$7,CK$8,$D16:$BH16) -> 7.6840909 | CL16: =SUMIF($D$7:$BH$7,CL$8,$D16:$BH16) -> 6.9868182 | CM16: =SUMIF($D$7:$BH$7,CM$8,$D16:$BH16) -> 5.0344318 | CN16: =SUMIF($D$7:$BH$7,CN$8,$D16:$BH16) -> 3.4667045 | CO16: =SUMIF($D$7:$BH$7,CO$8,$D16:$BH16) -> 3.8572727 | CP16: =SUMIF($D$7:$BH$7,CP$8,$D16:$BH16) -> 3.5590909 | CQ16: =SUMIF($D$7:$BH$7,CQ$8,$D16:$BH16) -> 3.1556818 | CS16: Total production on 100% basis; calculated using attributable production and % stake of the company in mine; Calculated using sum of quarterly figures except for 2012; For 2012 calendar year is considered and calculated using attributable production and % stake of the company in mine | CU16: MLCCI-1639775051-8792 | DQ16: MLCCI-6-1114 | DR16: MLCCI-6-1114 | DS16: MLCCI-6-1114 | DT16: MLCCI-6-1114 | DU16: MLCCI-1639775051-92906 | DV16: MLCCI-1639775051-92906 | DW16: MLCCI-1639775051-92906 | DX16: MLCCI-1639775051-92906 | DY16: MLCCI-991351766-5109 | DZ16: MLCCI-991351766-5109 | EA16: MLCCI-991351766-5109 | EB16: MLCCI-991351766-5109 | EC16: MLCCI-1639775051-23485 | ED16: MLCCI-1639775051-23485 | EE16: MLCCI-1639775051-23485 | EF16: MLCCI-1639775051-23485 | EG16: MLCCI-1639775051-83982 | EH16: MLCCI-1639775051-83982 | EI16: MLCCI-1639775051-83982 | EJ16: MLCCI-1639775051-83982 | EK16: MLCCI-1639775051-95005 | EL16: MLCCI-1639775051-95005 | EM16: MLCCI-1639775051-95005 | EN16: MLCCI-1639775051-95005 | EO16: MLCCI-1639775051-105346 | EP16: MLCCI-1639775051-105346 | EQ16: MLCCI-1639775051-105346 | ER16: MLCCI-1639775051-105346 | FN16: MLCCI-6-1112
A17: Grosvenor | B17: Mt | C17: 100 | P17: =SourcedData!V9/$C$17% -> 0.0516 | Q17: =SourcedData!W9/$C$17% -> 0.1218 | R17: =SourcedData!X9/$C$17% -> 0.1473 | S17: =SourcedData!Y9/$C$17% -> 0.1791 | T17: =SourcedData!Z9/$C$17% -> 0.203 | U17: =SourcedData!AA9/$C$17% -> 0.3312 | V17: =SourcedData!AB9/$C$17% -> 0.6857 | W17: =SourcedData!AC9/$C$17% -> 0.5391 | ... AA17: =SourcedData!AG9/$C$17% -> 0.1613 | AB17: =SourcedData!AH9 -> 0.8256 | AC17: =SourcedData!AI9 -> 1.342 | AD17: =SourcedData!AJ9 -> 1.2398 | AE17: =SourcedData!AK9 -> 0.3561 | AF17: =AF94 -> 1.3332 | AG17: =AG94 -> 1.0325 | AH17: =AH94 -> 1.3445 | AI17: =AI94 -> 1.0117 | AJ17: =AJ94 -> 0.5409 | AK17: =AK94 -> 0.5609 | AL17: =AL94 -> 0.0045 | AM17: =AM94 -> 0 | ... BC17: =BC94 -> 0 | CH17: =SUMIF($H$7:$AA$7,CH$8,$H17:$AA17) -> 0.4998 | CI17: =SUMIF($H$7:$AA$7,CI$8,$H17:$AA17) -> 1.759 | CJ17: =SUMIF($D$7:$BH$7,CJ$8,$D17:$BH17) -> 2.0672 | CK17: =SourcedData!CH9 -> 3.7635 | CL17: =SUMIF($D$7:$BH$7,CL$8,$D17:$BH17) -> 4.7219 | CM17: =SUMIF($D$7:$BH$7,CM$8,$D17:$BH17) -> 1.1063 | CN17: =SUMIF($D$7:$BH$7,CN$8,$D17:$BH17) -> 0.081363636 | CO17: =SUMIF($D$7:$BH$7,CO$8,$D17:$BH17) -> 3.4505682 | CP17: =SUMIF($D$7:$BH$7,CP$8,$D17:$BH17) -> 3.1784091 | CQ17: =SUMIF($D$7:$BH$7,CQ$8,$D17:$BH17) -> 2.6965909 | CS17: Total production on 100% basis | CU17: MLCCI-1639775051-8792 | DY17: MLCCI-991351766-5109 | DZ17: MLCCI-991351766-5109 | EA17: MLCCI-991351766-5109 | EB17: MLCCI-991351766-5109 | EC17: MLCCI-1639775051-23485 | ED17: MLCCI-1639775051-23485 | EE17: MLCCI-1639775051-23485 | EF17: MLCCI-1639775051-23485 | EG17: MLCCI-1639775051-83982 | EH17: MLCCI-1639775051-83982 | EI17: MLCCI-1639775051-83982 | EJ17: MLCCI-1639775051-83982 | EK17: MLCCI-1639775051-95005 | EL17: MLCCI-1639775051-95005 | EM17: MLCCI-1639775051-95005 | EN17: MLCCI-1639775051-95005 | EO17: MLCCI-1639775051-105346 | EP17: MLCCI-1639775051-105346 | EQ17: MLCCI-1639775051-105346 | ER17: MLCCI-1639775051-105346 | FT17: MLCCI-1639775051-96148
A19: Thermal -Export | B19: Mt | G19: =SourcedData!M10 -> 1.6894 | H19: =SourcedData!N10 -> 1.4938 | I19: =SourcedData!O10 -> 1.5131 | J19: =SourcedData!P10 -> 1.6724 | K19: =SourcedData!Q10 -> 1.5847 | L19: =SourcedData!R10 -> 0.7693 | M19: =SourcedData!S10 -> 9.584 | N19: =SourcedData!T10 -> 1.5746 | ... W19: =SourcedData!AC10 -> 0.6719 | DQ19: MLCCI-6-1114 | DR19: MLCCI-6-1114 | DS19: MLCCI-6-1114 | DT19: MLCCI-6-1114 | DU19: MLCCI-1639775051-92906 | DV19: MLCCI-1639775051-92906 | DW19: MLCCI-1639775051-92906 | DX19: MLCCI-1639775051-92906 | DY19: MLCCI-991351766-5109 | DZ19: MLCCI-991351766-5109 | EA19: MLCCI-991351766-5109 | EB19: MLCCI-991351766-5109 | EC19: MLCCI-1639775051-23485 | ED19: MLCCI-1639775051-23485 | EE19: MLCCI-1639775051-23485 | EF19: MLCCI-1639775051-23485
A20: Thermal -Domestic | B20: Mt | G20: =SourcedData!M11 -> 2.0253 | H20: =SourcedData!N11 -> 1.073 | I20: =SourcedData!O11 -> 1.7253 | J20: =SourcedData!P11 -> 1.7523 | K20: =SourcedData!Q11 -> 1.6888 | L20: =SourcedData!R11 -> 1.2279 | M20: =SourcedData!S11 -> 1.846 | N20: =SourcedData!T11 -> 2.0744 | ... W20: =SourcedData!AC11 -> 0.6618 | DQ20: MLCCI-6-1114 | DR20: MLCCI-6-1114 | DS20: MLCCI-6-1114 | DT20: MLCCI-6-1114 | DU20: MLCCI-1639775051-92906 | DV20: MLCCI-1639775051-92906 | DW20: MLCCI-1639775051-92906 | DX20: MLCCI-1639775051-92906 | DY20: MLCCI-991351766-5109 | DZ20: MLCCI-991351766-5109 | EA20: MLCCI-991351766-5109 | EB20: MLCCI-991351766-5109 | EC20: MLCCI-1639775051-23485 | ED20: MLCCI-1639775051-23485 | EE20: MLCCI-1639775051-23485 | EF20: MLCCI-1639775051-23485
A21: Total Thermal Export (Mine Level) | B21: Mt | D21: =SourcedData!J12 -> 2.5706 | E21: =SourcedData!K12 -> 3.2863 | F21: =SourcedData!L12 -> 3.3989 | G21: =SUM(G19:G20) -> 3.7147 | H21: =SUM(H19:H20) -> 2.5668 | I21: =SUM(I19:I20) -> 3.2384 | J21: =SUM(J19:J20) -> 3.4247 | K21: =SUM(K19:K20) -> 3.2735 | L21: =SUM(L19:L20) -> 1.9972 | M21: =SUM(M19:M20) -> 11.43 | N21: =SUM(N19:N20) -> 3.649 | ... W21: =SUM(W19:W20) -> 1.3337 | X21: =SourcedData!AD12 -> 0.479 | Y21: =SourcedData!AE12 -> 0.3047 | Z21: =SourcedData!AF12 -> 0.4214 | AA21: =SourcedData!AG12 -> 0.4086 | AB21: =SourcedData!AH12 -> 0.2087 | AC21: =SourcedData!AI12 -> 0.2899 | AD21: =SourcedData!AJ12 -> 0.4551 | AE21: =SourcedData!AK12 -> 0.4276 | ... BG21: =SourcedData!BM12 -> 0.413 | CE21: =SUMIF($D$7:$AA$7,CE$8,$D21:$AA21) -> 12.9705 | CF21: =SUMIF($D$7:$AA$7,CF$8,$D21:$AA21) -> 12.5034 | CG21: =SUMIF($D$7:$AA$7,CG$8,$D21:$AA21) -> 20.9141 | CH21: =SUMIF($D$7:$AA$7,CH$8,$D21:$AA21) -> 12.3321 | CI21: =SUMIF($D$7:$AA$7,CI$8,$D21:$AA21) -> 9.5109 | CJ21: =SUMIF($D$7:$BH$7,CJ$8,$D21:$BH21) -> 1.6137 | CK21: =SUMIF($D$7:$BH$7,CK$8,$D21:$BH21) -> 1.3813 | CL21: =SUMIF($D$7:$BH$7,CL$8,$D21:$BH21) -> 1.4108 | CM21: =SUMIF($D$7:$BH$7,CM$8,$D21:$BH21) -> 2.0205 | CN21: =SUMIF($D$7:$BH$7,CN$8,$D21:$BH21) -> 1.677 | CO21: =SUMIF($D$7:$BH$7,CO$8,$D21:$BH21) -> 1.6448 | CP21: =SUMIF($D$7:$BH$7,CP$8,$D21:$BH21) -> 1.083 | CQ21: =SUMIF($D$7:$BH$7,CQ$8,$D21:$BH21) -> 1.111 | CS21: Total Thermal coal production at attributable basis | DM21: MLCCI-1639775051-92926 | DN21: MLCCI-1639775051-92926 | DO21: MLCCI-1639775051-92926 | EG21: MLCCI-1639775051-83982 | EH21: MLCCI-1639775051-83982 | EI21: MLCCI-1639775051-83982 | EJ21: MLCCI-1639775051-83982 | EK21: MLCCI-1639775051-95005 | EL21: MLCCI-1639775051-95005 | EM21: MLCCI-1639775051-95005 | EN21: MLCCI-1639775051-95005 | EO21: MLCCI-1639775051-105346 | EP21: MLCCI-1639775051-105346 | EQ21: MLCCI-1639775051-105346 | ER21: MLCCI-1639775051-105346 | ES21: MLCCI-1639775051-114893 | ET21: MLCCI-1639775051-114893 | EU21: MLCCI-1639775051-114893 | EV21: MLCCI-1639775051-125957 | EW21: MLCCI-1639775051-125957 | EX21: MLCCI-1639775051-125957 | EY21: MLCCI-1639775051-125957 | EZ21: MLCCI-1639775051-125957 | FA21: MLCCI-1639775051-133174 | FB21: MLCCI-1639775051-133174 | FC21: MLCCI-1639775051-133174 | FD21: MLCCI-1639775051-133174 | FE21: MLCCI-1066059444-50109 | FF21: MLCCI-1066059444-50109 | FG21: MLCCI-1066059444-50109 | FH21: MLCCI-1066059444-50109 | FI21: MLCCI-1066059444-57831 | FJ21: MLCCI-1066059444-57831 | FK21: MLCCI-1066059444-57831 | FL21: MLCCI-1066059444-57831
A23: ROM Production (Mine Level) | CF23: =SUM(CF10,CF12) -> 14.132898
A24: Dawson | B24: Mt | CH24: =SourcedData!CE13 -> 11.67297 | CI24: =SourcedData!CF13 -> 12.040414 | CJ24: =SourcedData!CG13 -> 10.022541 | CK24: =SourcedData!CH13 -> 9.35138 | CL24: =SourcedData!CI13 -> 10.27 | CM24: =SourcedData!CJ13 -> 9.508524 | FQ24: MLCCI-1639775051-95170 | FR24: MLCCI-1639775051-95170 | FS24: MLCCI-1639775051-95170 | FT24: MLCCI-1639775051-106959 | FU24: MLCCI-1639775051-106959 | FV24: MLCCI-1639775051-131028
A25: Lake Vermont | B25: Mt | CH25: =SourcedData!CE14 -> 11.084525 | CI25: =SourcedData!CF14 -> 11.05623 | CJ25: =SourcedData!CG14 -> 10.828616 | CK25: =SourcedData!CH14 -> 11.132 | CL25: =SourcedData!CI14 -> 11.16 | CN25: =SourcedData!CK14 -> 11.476069 | CO25: =SourcedData!CL14 -> 10.948135 | CP25: =SourcedData!CM14 -> 11.023168 | CQ25: =SourcedData!CN14 -> 10.840263 | FQ25: MLCCI-1639775051-95170 | FR25: MLCCI-1639775051-95170 | FS25: MLCCI-1639775051-95170 | FT25: MLCCI-1639775051-106959 | FU25: MLCCI-1639775051-106959 | FW25: MLCCI-1639775051-131028 | FX25: MLCCI-1639775051-131028 | FY25: MLCCI-1066059444-55194 | FZ25: MLCCI-1066059444-59780
A27: Mass Recovery
A28: Dawson | B28: % | BJ28: =BJ60/BJ47 -> 0.78180905 | BK28: =BK60/BK47 -> 0.72316413 | BM28: =BM60/BM47 -> 0.74555 | BN28: =BN60/BN47 -> 0.74654692 | BO28: =BO60/BO47 -> 0.74381582 | BP28: =BP60/BP47 -> 0.74860251 | BQ28: =BQ60/BQ47 -> 0.76860115 | BR28: =BR60/BR47 -> 0.76727844 | BS28: =BS60/BS47 -> 0.74160916 | BT28: =BT60/BT47 -> 0.76335247 | ... BV28: =BV60/BV47 -> 0.803367 | CH28: =CH12/CH24 -> 0.72473449 | CI28: =CI12/CI24 -> 0.7505279 | CJ28: =CJ12/CJ24 -> 0.73993994 | CK28: =CK12/CK24 -> 0.70860885 | CL28: =CL12/CL24 -> 0.74605266 | CM28: =CM12/CM24 -> 0.78645636 | CN28: =AVERAGE(BR28:BS28) -> 0.7544438 | CO28: =AVERAGE(BS28:BT28) -> 0.75248081 | CP28: =AVERAGE(BT28:BU28) -> 0.7439977 | CQ28: =AVERAGE(BU28:BV28) -> 0.76400497 | CS28: Mass recovery calculated using saleable and ROM production
A29: Jellinbah East | B29: % | BJ29: =BJ61/BJ55 -> 0.93006576 | BK29: =BK61/BK55 -> 0.91658341 | BM29: =BM61/BM55 -> 0.93979953 | BN29: =BN61/BN55 -> 0.9145903 | BR29: =BR61/BR55 -> 0.92758389 | BS29: =BS61/BS55 -> 0.8895058 | BT29: =BT61/BT55 -> 0.90910526 | BU29: =BU61/BU55 -> 0.87313528 | BV29: =BV61/BV55 -> 0.89797978
A30: Lake Vermont | B30: % | BJ30: =BJ62/BJ56 -> 0.82038073 | BK30: =BK62/BK56 -> 0.8157078 | BM30: =BM62/BM56 -> 0.79742371 | BN30: =BN62/BN56 -> 0.82025059 | BO30: =BO62/BO56 -> 0.82301498 | BP30: =BP62/BP56 -> 0.81839893 | BQ30: =BQ62/BQ56 -> 0.82508823 | BR30: =BR62/BR56 -> 0.84451541 | BS30: =BS62/BS56 -> 0.82829718 | BT30: =BT62/BT56 -> 0.81885645 | ... BV30: =BV62/BV56 -> 0.81180349 | CF30: =AVERAGE(BJ30:BK30) -> 0.81804426 | CH30: =CH152/CH25 -> 0.79029358 | CI30: =CI152/CI25 -> 0.82035631 | CJ30: =CJ152/CJ25 -> 0.81789095 | CK30: =CK152/CK25 -> 0.83136903 | CL30: =CL152/CL25 -> 0.79327957 | CN30: =CN152/CN25 -> 0.83577556 | CO30: =CO152/CO25 -> 0.82544168 | CP30: =CP152/CP25 -> 0.80403519 | CQ30: =CQ152/CQ25 -> 0.81626682 | CS30: Mass recovery calculated using saleable and ROM production. 2013 based on FY data
A32: Anglo's Share
A33: Aquila | B33: % | D33: =SourcedData!J15 -> 0.7 | E33: =SourcedData!K15 -> 0.7 | F33: =SourcedData!L15 -> 0.7 | G33: =SourcedData!M15 -> 0.7 | H33: =SourcedData!N15 -> 0.7 | I33: =SourcedData!O15 -> 0.7 | J33: =SourcedData!P15 -> 0.7 | K33: =SourcedData!Q15 -> 0.7 | ... BG33: =SourcedData!BM15 -> 0.7
A34: Callide | B34: % | D34: =SourcedData!J16 -> 1 | E34: =SourcedData!K16 -> 1 | F34: =SourcedData!L16 -> 1 | G34: =SourcedData!M16 -> 1 | H34: =SourcedData!N16 -> 1 | I34: =SourcedData!O16 -> 1 | J34: =SourcedData!P16 -> 1 | K34: =SourcedData!Q16 -> 1 | ... W34: =SourcedData!AC16 -> 1
A35: Dawson | B35: % | D35: =SourcedData!J17 -> 0.51 | E35: =SourcedData!K17 -> 0.51 | F35: =SourcedData!L17 -> 0.51 | G35: =SourcedData!M17 -> 0.51 | H35: =SourcedData!N17 -> 0.51 | I35: =SourcedData!O17 -> 0.51 | J35: =SourcedData!P17 -> 0.51 | K35: =SourcedData!Q17 -> 0.51 | ... BG35: =SourcedData!BM17 -> 0.51
A36: Drayton | B36: % | D36: =SourcedData!J18 -> 0.882 | E36: =SourcedData!K18 -> 0.882 | F36: =SourcedData!L18 -> 0.882 | G36: =SourcedData!M18 -> 0.882 | H36: =SourcedData!N18 -> 0.882 | I36: =SourcedData!O18 -> 0.882 | J36: =SourcedData!P18 -> 0.882 | K36: =SourcedData!Q18 -> 0.882 | ... W36: =SourcedData!AC18 -> 0.882
A37: Foxleigh | B37: % | D37: =SourcedData!J19 -> 0.7 | E37: =SourcedData!K19 -> 0.7 | F37: =SourcedData!L19 -> 0.7 | G37: =SourcedData!M19 -> 0.7 | H37: =SourcedData!N19 -> 0.7 | I37: =SourcedData!O19 -> 0.7 | J37: =SourcedData!P19 -> 0.7 | K37: =SourcedData!Q19 -> 0.7 | ... V37: =SourcedData!AB19 -> 0.7
A38: Grasstree | B38: % | D38: =SourcedData!J20 -> 0.7 | E38: =SourcedData!K20 -> 0.7 | F38: =SourcedData!L20 -> 0.7 | G38: =SourcedData!M20 -> 0.7 | H38: =SourcedData!N20 -> 0.7 | I38: =SourcedData!O20 -> 0.7 | J38: =SourcedData!P20 -> 0.7 | K38: =SourcedData!Q20 -> 0.7 | ... AR38: =SourcedData!AX20 -> 0.7
A39: Grosvenor | B39: % | D39: =SourcedData!J21 -> 1 | E39: =SourcedData!K21 -> 1 | F39: =SourcedData!L21 -> 1 | G39: =SourcedData!M21 -> 1 | H39: =SourcedData!N21 -> 1 | I39: =SourcedData!O21 -> 1 | J39: =SourcedData!P21 -> 1 | K39: =SourcedData!Q21 -> 1 | ... BC39: =SourcedData!BI21 -> 0.88
A40: Jellinbah East | B40: % | D40: =SourcedData!J22 -> 0.233 | E40: =SourcedData!K22 -> 0.233 | F40: =SourcedData!L22 -> 0.233 | G40: =SourcedData!M22 -> 0.233 | H40: =SourcedData!N22 -> 0.233 | I40: =SourcedData!O22 -> 0.233 | J40: =SourcedData!P22 -> 0.233 | K40: =SourcedData!Q22 -> 0.233 | ... BC40: =SourcedData!BI22 -> 0.233
A41: Lake Lindsay | B41: % | D41: =SourcedData!J23 -> 0.768 | E41: =SourcedData!K23 -> 0.768 | F41: =SourcedData!L23 -> 0.768 | G41: =SourcedData!M23 -> 0.768 | H41: =SourcedData!N23 -> 0.775 | I41: =SourcedData!O23 -> 0.775 | J41: =SourcedData!P23 -> 0.775 | K41: =SourcedData!Q23 -> 0.775 | ... BG41: =SourcedData!BM23 -> 0.792
A42: Lake Vermont | B42: % | D42: =SourcedData!J24 -> 0.233 | E42: =SourcedData!K24 -> 0.233 | F42: =SourcedData!L24 -> 0.233 | G42: =SourcedData!M24 -> 0.233 | H42: =SourcedData!N24 -> 0.233 | I42: =SourcedData!O24 -> 0.233 | J42: =SourcedData!P24 -> 0.233 | K42: =SourcedData!Q24 -> 0.233 | ... BC42: =SourcedData!BI24 -> 0.233
A43: Moranbah North | B43: % | D43: =SourcedData!J25 -> 0.88 | E43: =SourcedData!K25 -> 0.88 | F43: =SourcedData!L25 -> 0.88 | G43: =SourcedData!M25 -> 0.88 | H43: =SourcedData!N25 -> 0.88 | I43: =SourcedData!O25 -> 0.88 | J43: =SourcedData!P25 -> 0.88 | K43: =SourcedData!Q25 -> 0.88 | ... BC43: =SourcedData!BI25 -> 0.88
A45: FY Production ROM Production (Mine level)
A46: ROM Production
A47: Dawson | B47: Mt | BJ47: =SourcedData!BO26 -> 10.937099 | BK47: =SourcedData!BP26 -> 11.604663 | BM47: =SourcedData!BR26 -> 11.637862 | BN47: =SourcedData!BS26 -> 12.075884 | BO47: =SourcedData!BT26 -> 8.435228 | BP47: =SourcedData!BU26 -> 9.530632 | BQ47: =SourcedData!BV26 -> 10.394706 | BR47: =SourcedData!BW26 -> 9.16839 | BS47: =SourcedData!BX26 -> 6.100998 | BT47: =SourcedData!BY26 -> 9.146831 | ... BV47: =SourcedData!CA26 -> 9.182172 | CF47: =BJ47*0.5+BK47*0.5 -> 11.270881 | CI47: =BM47*0.5+BN47*0.5 -> 11.856873 | CS47: FY ROM production numbers; Calenderised ROM production based on FY numbers | CX47: MLCCI-1639775051-92911 | CY47: MLCCI-1639775051-92911 | DA47: MLCCI-1639775051-92912 | DB47: MLCCI-1639775051-92912 | DC47: MLCCI-1639775051-122529 | DD47: MLCCI-1639775051-122529 | DE47: MLCCI-1639775051-122529 | DF47: MLCCI-1639775051-122529 | DG47: MLCCI-1639775051-130733 | DH47: MLCCI-1066059444-48245 | DI47: MLCCI-1066059444-54832 | DJ47: MLCCI-1066059444-62827
A48: Moranbah North | B48: Mt | BJ48: =SourcedData!BO27 -> 6.170481 | BK48: =SourcedData!BP27 -> 6.461812 | BM48: =SourcedData!BR27 -> 5.97881 | BN48: =SourcedData!BS27 -> 7.733815 | BO48: =SourcedData!BT27 -> 9.370519 | BP48: =SourcedData!BU27 -> 7.476115 | BQ48: =SourcedData!BV27 -> 7.607259 | BR48: =SourcedData!BW27 -> 5.768771 | BS48: =SourcedData!BX27 -> 3.643425 | BT48: =SourcedData!BY27 -> 6.196556 | ... BV48: =SourcedData!CA27 -> 3.315001 | CF48: =BJ48*0.5+BK48*0.5 -> 6.3161465 | CI48: =BM48*0.5+BN48*0.5 -> 6.8563125 | CS48: FY ROM production numbers; Calenderised ROM production based on FY numbers | CX48: MLCCI-1639775051-92911 | CY48: MLCCI-1639775051-92911 | DA48: MLCCI-1639775051-92912 | DB48: MLCCI-1639775051-92912 | DC48: MLCCI-1639775051-122529 | DD48: MLCCI-1639775051-122529 | DE48: MLCCI-1639775051-122529 | DF48: MLCCI-1639775051-122529 | DG48: MLCCI-1639775051-130733 | DH48: MLCCI-1066059444-48245 | DI48: MLCCI-1066059444-54832 | DJ48: MLCCI-1066059444-62827
A49: Foxleigh | B49: Mt | BJ49: =SourcedData!BO28 -> 3.603434 | BK49: =SourcedData!BP28 -> 1.854072 | BM49: =SourcedData!BR28 -> 6.561215 | BN49: =SourcedData!BS28 -> 4.891439 | CF49: =BJ49*0.5+BK49*0.5 -> 2.728753 | CI49: =BM49*0.5+BN49*0.5 -> 5.726327 | CS49: FY ROM production numbers; Calenderised ROM production based on FY numbers | CX49: MLCCI-1639775051-92911 | CY49: MLCCI-1639775051-92911 | DA49: MLCCI-1639775051-92912 | DB49: MLCCI-1639775051-92912
A50: Callide & Boundary Hill | B50: Mt | BJ50: =SourcedData!BO29 -> 6.842158 | BK50: =SourcedData!BP29 -> 5.876718 | BM50: =SourcedData!BR29 -> 7.838764 | BN50: =SourcedData!BS29 -> 8.394299 | CF50: =BJ50*0.5+BK50*0.5 -> 6.359438 | CI50: =BM50*0.5+BN50*0.5 -> 8.1165315 | CS50: FY ROM production numbers; Calenderised ROM production based on FY numbers | CX50: MLCCI-1639775051-92911 | CY50: MLCCI-1639775051-92911 | DA50: MLCCI-1639775051-92912 | DB50: MLCCI-1639775051-92912
A51: German Creek East | B51: Mt | BJ51: =SourcedData!BO30 -> 1.918171 | BK51: =SourcedData!BP30 -> 1.114108 | CF51: =BJ51*0.5+BK51*0.5 -> 1.5161395 | CS51: FY ROM production numbers; Calenderised ROM production based on FY numbers | CX51: MLCCI-1639775051-92911 | CY51: MLCCI-1639775051-92911
A52: German Creek - Lake Lindsay | B52: Mt | BJ52: =SourcedData!BO31 -> 5.303941 | BK52: =SourcedData!BP31 -> 5.787516 | BM52: =SourcedData!BR31 -> 5.673393 | BN52: =SourcedData!BS31 -> 4.097363 | BO52: =SourcedData!BT31 -> 3.886108 | BP52: =SourcedData!BU31 -> 4.561048 | BQ52: =SourcedData!BV31 -> 5.385038 | BR52: =SourcedData!BW31 -> 3.635346 | BS52: =SourcedData!BX31 -> 3.456844 | BT52: =SourcedData!BY31/10^6 -> 4.127437 | BU52: =SourcedData!BZ31 -> 3.853184 | BV52: =SourcedData!CA31 -> 4.875968 | CF52: =BJ52*0.5+BK52*0.5 -> 5.5457285 | CI52: =BM52*0.5+BN52*0.5 -> 4.885378 | CS52: FY ROM production numbers; Calenderised ROM production based on FY numbers | CX52: MLCCI-1639775051-92911 | CY52: MLCCI-1639775051-92911 | DA52: MLCCI-1639775051-92912 | DB52: MLCCI-1639775051-92912 | DC52: MLCCI-1639775051-122529 | DD52: MLCCI-1639775051-122529 | DE52: MLCCI-1639775051-122529 | DF52: MLCCI-1639775051-122529 | DG52: MLCCI-1639775051-130733 | DH52: MLCCI-1066059444-48245 | DI52: MLCCI-1066059444-54832 | DJ52: MLCCI-1066059444-62827
A53: German Creek - Aquila | B53: Mt | BJ53: =SourcedData!BO32 -> 0.408779 | BK53: =SourcedData!BP32 -> 0.248011 | BT53: =4333679/10^6 -> 4.333679 | BU53: =SourcedData!BZ32 -> 5.433895 | BV53: =SourcedData!CA32 -> 5.264619 | CF53: =BJ53*0.5+BK53*0.5 -> 0.328395 | CI53: =BM53*0.5+BN53*0.5 -> 0 | CS53: FY ROM production numbers; Calenderised ROM production based on FY numbers | CX53: MLCCI-1639775051-92911 | CY53: MLCCI-1639775051-92911
A54: German Creek - Grasstree | B54: Mt | BJ54: =SourcedData!BO33 -> 4.050885 | BK54: =SourcedData!BP33 -> 6.126471 | BM54: =SourcedData!BR33 -> 9.810094 | BN54: =SourcedData!BS33 -> 7.276002 | BO54: =SourcedData!BT33 -> 7.732954 | BP54: =SourcedData!BU33 -> 6.930631 | BQ54: =SourcedData!BV33 -> 5.744934 | BR54: =SourcedData!BW33 -> 6.911569 | BS54: =SourcedData!BX33 -> 5.947984 | CF54: =BJ54*0.5+BK54*0.5 -> 5.088678 | CI54: =BM54*0.5+BN54*0.5 -> 8.543048 | CS54: FY ROM production numbers; Calenderised ROM production based on FY numbers | CX54: MLCCI-1639775051-92911 | CY54: MLCCI-1639775051-92911 | DA54: MLCCI-1639775051-92912 | DB54: MLCCI-1639775051-92912 | DC54: MLCCI-1639775051-122529 | DD54: MLCCI-1639775051-122529 | DE54: MLCCI-1639775051-122529 | DF54: MLCCI-1639775051-122529 | DG54: MLCCI-1639775051-130733 | DI54: MLCCI-1066059444-54832 | DJ54: MLCCI-1066059444-62827
A55: Jellinbah East | B55: Mt | BJ55: =SourcedData!BO34 -> 5.168184 | BK55: =SourcedData!BP34 -> 5.466143 | BM55: =SourcedData!BR34 -> 5.578113 | BN55: =SourcedData!BS34 -> 5.27645 | BO55: =SourcedData!BT34 -> 5.235631 | BP55: =SourcedData!BU34 -> 4.69261 | BQ55: =SourcedData!BV34 -> 4.722276 | BR55: =SourcedData!BW34 -> 5.59341 | BS55: =SourcedData!BX34 -> 4.963446 | BT55: =SourcedData!BY34 -> 4.724069 | ... BV55: =SourcedData!CA34 -> 6.672883 | CF55: =BJ55*0.5+BK55*0.5 -> 5.3171635 | CI55: =BM55*0.5+BN55*0.5 -> 5.4272815 | CS55: FY ROM production numbers; Calenderised ROM production based on FY numbers | CX55: MLCCI-1639775051-92911 | CY55: MLCCI-1639775051-92911 | DA55: MLCCI-1639775051-92912 | DB55: MLCCI-1639775051-92912 | DC55: MLCCI-1639775051-122529 | DD55: MLCCI-1639775051-122529 | DE55: MLCCI-1639775051-122529 | DF55: MLCCI-1639775051-122529 | DG55: MLCCI-1639775051-130733 | DH55: MLCCI-1066059444-48245 | DI55: MLCCI-1066059444-54832 | DJ55: MLCCI-1066059444-62827
A56: Lake Vermont | B56: Mt | BJ56: =SourcedData!BO35 -> 5.835788 | BK56: =SourcedData!BP35 -> 9.227694 | BM56: =SourcedData!BR35 -> 11.249826 | BN56: =SourcedData!BS35 -> 10.775935 | BO56: =SourcedData!BT35 -> 11.549 | BP56: =SourcedData!BU35 -> 10.468 | BQ56: =SourcedData!BV35 -> 8.229006 | BR56: =SourcedData!BW35 -> 9.466726 | BS56: =SourcedData!BX35 -> 11.159508 | BT56: =SourcedData!BY35 -> 10.647909 | ... BV56: =SourcedData!CA35 -> 10.549505 | CF56: =BJ56*0.5+BK56*0.5 -> 7.531741 | CI56: =BM56*0.5+BN56*0.5 -> 11.012881 | CS56: FY ROM production numbers; Calenderised ROM production based on FY numbers | CX56: MLCCI-1639775051-92911 | CY56: MLCCI-1639775051-92911 | DA56: MLCCI-1639775051-92912 | DB56: MLCCI-1639775051-92912 | DC56: MLCCI-1639775051-122529 | DD56: MLCCI-1639775051-122529 | DE56: MLCCI-1639775051-122529 | DF56: MLCCI-1639775051-122529 | DG56: MLCCI-1639775051-130733 | DH56: MLCCI-1066059444-48245 | DI56: MLCCI-1066059444-54832 | DJ56: MLCCI-1066059444-62827
A57: Grosvenor | B57: Mt | BM57: =SourcedData!BR36 -> 1.328956 | BN57: =SourcedData!BS36 -> 3.689123 | BO57: =SourcedData!BT36 -> 5.713199 | BP57: =SourcedData!BU36 -> 6.090132 | BQ57: =SourcedData!BV36 -> 5.59616 | BR57: =SourcedData!BW36/1000000 -> 0.004969 | BS57: =SourcedData!BX36 -> 1.633762 | BT57: =SourcedData!BY36 -> 5.705807 | BU57: =SourcedData!BZ36 -> 6.666395 | BV57: =SourcedData!CA36 -> 0.33033 | DA57: MLCCI-1639775051-92912 | DB57: MLCCI-1639775051-92912 | DC57: MLCCI-1639775051-122529 | DD57: MLCCI-1639775051-122529 | DE57: MLCCI-1639775051-122529 | DF57: MLCCI-1639775051-122529 | DG57: MLCCI-1639775051-130733 | DH57: MLCCI-1066059444-48245 | DI57: MLCCI-1066059444-54832 | DJ57: MLCCI-1066059444-62827
A59: Total FY Saleable Production (Met + Thermal)
A60: Dawson | B60: Mt | BI60: =SourcedData!BN37 -> 9.302882 | BJ60: =BJ86+BJ113 -> 8.550723 | BK60: =BK86+BK113 -> 8.392076 | BL60: =SourcedData!BQ37 -> 8.148072 | BM60: =BM86+BM113 -> 8.676608 | BN60: =BN86+BN113 -> 9.015214 | BO60: =BO86+BO113 -> 6.274256 | BP60: =BP86+BP113 -> 7.134655 | BQ60: =BQ86+BQ113 -> 7.989383 | BR60: =BR86+BR113 -> 7.034708 | BS60: =BS86+BS113 -> 4.524556 | BT60: =BT86+BT113 -> 6.982256 | ... BV60: =BV86+BV113 -> 7.376654 | CW60: MLCCI-1639775051-96255 | CX60: MLCCI-1639775051-93685 | CY60: MLCCI-1639775051-93685 | CZ60: MLCCI-1639775051-93685 | DA60: MLCCI-1639775051-93685 | DB60: MLCCI-1639775051-93685 | DC60: MLCCI-1639775051-92912 | DD60: MLCCI-1639775051-92912 | DE60: MLCCI-1639775051-111992
A61: Jellinbah East | B61: Mt | BI61: =SourcedData!BN38 -> 4.549875 | BJ61: =BJ95+BJ116 -> 4.806751 | BK61: =BK95+BK116 -> 5.010176 | BL61: =SourcedData!BQ38 -> 4.532332 | BM61: =BM95+BM116 -> 5.242308 | BN61: =BN95+BN116 -> 4.82579 | BO61: =BO95+BO116 -> 5.234 | BP61: =BP95+BP116 -> 4.78 | BQ61: =BQ95+BQ116 -> 4.937647 | BR61: =BR95+BR116 -> 5.188357 | BS61: =BS95+BS116 -> 4.415014 | BT61: =BT95+BT116 -> 4.294676 | ... BV61: =BV95+BV116 -> 5.992114 | CW61: MLCCI-1639775051-96255 | CX61: MLCCI-1639775051-93685 | CY61: MLCCI-1639775051-93685 | CZ61: MLCCI-1639775051-93685 | DA61: MLCCI-1639775051-93685 | DB61: MLCCI-1639775051-93685 | DC61: MLCCI-1639775051-92912 | DD61: MLCCI-1639775051-92912 | DE61: MLCCI-1639775051-111992
A62: Lake Vermont | B62: Mt | BI62: =SourcedData!BN39 -> 3.84558 | BJ62: =BJ96+BJ117 -> 4.787568 | BK62: =BK96+BK117 -> 7.527102 | BL62: =SourcedData!BQ39 -> 8.338484 | BM62: =BM96+BM117 -> 8.970878 | BN62: =BN96+BN117 -> 8.838967 | BO62: =BO96+BO117 -> 9.505 | BP62: =BP96+BP117 -> 8.567 | BQ62: =BQ96+BQ117 -> 6.789656 | BR62: =BR96+BR117 -> 7.994796 | BS62: =BS96+BS117 -> 9.243389 | BT62: =BT96+BT117 -> 8.719109 | ... BV62: =BV96+BV117 -> 8.564125 | CW62: MLCCI-1639775051-96255 | CX62: MLCCI-1639775051-93685 | CY62: MLCCI-1639775051-93685 | CZ62: MLCCI-1639775051-93685 | DA62: MLCCI-1639775051-93685 | DB62: MLCCI-1639775051-93685 | DC62: MLCCI-1639775051-92912 | DD62: MLCCI-1639775051-92912 | DE62: MLCCI-1639775051-111992
A63: German Creek - Lake Lindsay | B63: Mt | BI63: =SourcedData!BN40 -> 2.895436 | BJ63: =BJ90+BJ115 -> 4.073445 | BK63: =BK90+BK115 -> 4.345351 | BL63: =SourcedData!BQ40 -> 4.80146 | BM63: =BM90+BM115 -> 4.388407 | BN63: =BN90+BN115 -> 3.115959 | BO63: =BO90+BO115 -> 3.12768 | BP63: =BP90+BP115 -> 3.510779 | BQ63: =BQ90+BQ115 -> 4.158374 | BR63: =BR90+BR115 -> 2.753806 | BS63: =BS90+BS115 -> 2.634579 | BT63: =BT90+BT115 -> 3.287094 | ... BV63: =BV90+BV115 -> 3.74581 | CE63: =SUM(BI63:BJ63)/2 -> 3.4844405 | CF63: =SUM(BJ63:BK63)/2 -> 4.209398 | CG63: =SUM(BK63:BL63)/2 -> 4.5734055 | CH63: =SUM(BL63:BM63)/2 -> 4.5949335 | CI63: =SUM(BM63:BN63)/2 -> 3.752183 | CJ63: =SUM(BN63:BO63)/2 -> 3.1218195 | CK63: =SUM(BO63:BP63)/2 -> 3.3192295 | CL63: =SUM(BP63:BQ63)/2 -> 3.8345765 | ... CQ63: =SUM(BU63:BV63)/2 -> 3.3903175 | CW63: MLCCI-1639775051-96255 | CX63: MLCCI-1639775051-93685 | CY63: MLCCI-1639775051-93685 | CZ63: MLCCI-1639775051-93685 | DA63: MLCCI-1639775051-93685 | DB63: MLCCI-1639775051-93685 | DC63: MLCCI-1639775051-92912 | DD63: MLCCI-1639775051-92912 | DE63: MLCCI-1639775051-111992
A64: German Creek East - Oak Park | B64: Mt | BI64: =SourcedData!BN41 -> 2.90688 | BJ64: =BJ89 -> 1.294596 | BK64: =BK89 -> 0.737186 | CE64: =SUM(BI64:BJ64)/2 -> 2.100738 | CF64: =SUM(BJ64:BK64)/2+BK64/2 -> 1.384484 | CS64: On hold in 2013 | CW64: MLCCI-1639775051-96255
A65: German Creek - Aquila | B65: Mt | BI65: =SourcedData!BN42 -> 0.121263 | BJ65: =SourcedData!BO42 -> 0.286021 | BK65: =SourcedData!BP42 -> 0.16415 | BS65: =BS91 -> 0 | BT65: =BT91 -> 2.446131 | BU65: =BU91 -> 3.19479 | BV65: =BV91 -> 3.28149 | CE65: =SUM(BI65:BJ65)/2 -> 0.203642 | CF65: =SUM(BJ65:BK65)/2+BK65/2 -> 0.3071605 | CO65: =SUM(BS65:BT66)/2 -> 3.240759 | CP65: =SUM(BT65:BU66)/2 -> 2.8204605 | CQ65: =SUM(BU65:BV66)/2 -> 3.23814 | CS65: Aquila on hold July 2013; Aquila restarted in Feb 2022 | CW65: MLCCI-1639775051-96255 | CX65: MLCCI-1639775051-93685 | CY65: MLCCI-1639775051-93685
A66: German Creek - Grasstree | B66: Mt | BI66: =SourcedData!BN43 -> 2.820061 | BJ66: =BJ92 -> 2.585136 | BK66: =BK92 -> 4.638779 | BL66: =SourcedData!BQ43 -> 6.281913 | BM66: =BM92 -> 7.900809 | BN66: =BN92 -> 5.686654 | BO66: =BO92 -> 5.909168 | BP66: =BP92 -> 5.282424 | BQ66: =BQ92 -> 4.299648 | BR66: =BR92 -> 5.279169 | BS66: =BS92 -> 4.035387 | BT66: - | BU66: - | BV66: - | CE66: =SUM(BI66:BJ66)/2 -> 2.7025985 | CF66: =SUM(BJ66:BK66)/2 -> 3.6119575 | CG66: =SUM(BK66:BL66)/2 -> 5.460346 | CH66: =SUM(BL66:BM66)/2 -> 7.091361 | CI66: =SUM(BM66:BN66)/2 -> 6.7937315 | CJ66: =SUM(BN66:BO66)/2 -> 5.797911 | CK66: =SUM(BO66:BP66)/2 -> 5.595796 | CL66: =SUM(BP66:BQ66)/2 -> 4.791036 | ... CN66: =SUM(BR66:BS66)/2 -> 4.657278 | CS66: Grasstree stopped in Jan 2022 | CW66: MLCCI-1639775051-96255 | CX66: MLCCI-1639775051-93685 | CY66: MLCCI-1639775051-93685 | CZ66: MLCCI-1639775051-93685 | DA66: MLCCI-1639775051-93685 | DB66: MLCCI-1639775051-93685 | DC66: MLCCI-1639775051-92912 | DD66: MLCCI-1639775051-92912 | DE66: MLCCI-1639775051-111992
A68: Saleable Production - metcoal - attributable
A69: Dawson | B69: Mt | X69: =(0.7051) -> 0.7051 | Y69: =(0.7875) -> 0.7875 | Z69: =(0.6703) -> 0.6703 | AA69: =(0.3197) -> 0.3197 | AB69: =(0.5345) -> 0.5345 | AC69: =(0.7141) -> 0.7141 | AD69: =(0.4787) -> 0.4787 | AE69: =(0.6661) -> 0.6661 | AF69: =0.6333 -> 0.6333 | AG69: =0.774 -> 0.774 | AH69: =0.7032 -> 0.7032 | AI69: =0.8425 -> 0.8425 | AJ69: =0.7412 -> 0.7412 | AK69: =0.6384 -> 0.6384 | AL69: =0.5883 -> 0.5883 | AM69: =0.4612 -> 0.4612 | AN69: =0.6006 -> 0.6006 | AO69: =0.5698 -> 0.5698 | AP69: =0.6592 -> 0.6592 | AQ69: =0.6541 -> 0.6541 | AR69: =0.4449 -> 0.4449 | AS69: =0.3174 -> 0.3174 | AT69: =0.7413 -> 0.7413 | AU69: =SourcedData!BA44 -> 0.5837 | AV69: =SourcedData!BB44 -> 0.52 | AW69: =SourcedData!BC44 -> 0.576 | AX69: =SourcedData!BD44 -> 0.688 | AY69: =SourcedData!BE44 -> 1.118 | AZ69: =SourcedData!BF44 -> 0.487 | BA69: =SourcedData!BG44 -> 0.647 | BB69: =SourcedData!BH44 -> 0.928 | ... BG69: =SourcedData!BM44 -> 0.553 | EG69: MLCCI-110139226-49490 | EH69: MLCCI-110139226-49490 | EI69: MLCCI-110139226-49490 | EJ69: MLCCI-1639775051-95005 | EK69: MLCCI-1639775051-95005 | EL69: MLCCI-1639775051-95005 | EM69: MLCCI-1639775051-95005 | EN69: MLCCI-1639775051-95005 | EO69: MLCCI-1639775051-105346 | EP69: MLCCI-1639775051-105346 | EQ69: MLCCI-1639775051-105346 | ER69: MLCCI-1639775051-105346 | ES69: MLCCI-1639775051-114893 | ET69: MLCCI-1639775051-114893 | EU69: MLCCI-1639775051-114893 | EV69: MLCCI-1639775051-114893 | EW69: MLCCI-1639775051-125957 | EX69: MLCCI-1639775051-125957 | EY69: MLCCI-1639775051-125957 | EZ69: MLCCI-1639775051-125957 | FA69: MLCCI-1639775051-133174 | FB69: MLCCI-1639775051-133174 | FC69: MLCCI-1639775051-133174 | FD69: MLCCI-1639775051-133174 | FE69: MLCCI-1066059444-50109 | FF69: MLCCI-1066059444-50109 | FG69: MLCCI-1066059444-50109 | FH69: MLCCI-1066059444-50109
A70: Moranbah North | B70: Mt | X70: =1.4161 -> 1.4161 | Y70: =0.6886 -> 0.6886 | Z70: =1.3168 -> 1.3168 | AA70: =1.9798 -> 1.9798 | AB70: =1.9367 -> 1.9367 | AC70: =1.0643 -> 1.0643 | AD70: =1.2758 -> 1.2758 | AE70: =SourcedData!AK45 -> 2.4852 | AF70: =0.2395 -> 0.2395 | AG70: =1.6032 -> 1.6032 | AH70: =1.9731 -> 1.9731 | AI70: =2.3326 -> 2.3326 | AJ70: =0.4508 -> 0.4508 | AK70: =0.7618 -> 0.7618 | AL70: =2.0085 -> 2.0085 | AM70: =1.2092 -> 1.2092 | AN70: =0.5951 -> 0.5951 | AO70: =0.0566 -> 0.0566 | AP70: =1.3147 -> 1.3147 | AQ70: =1.0843 -> 1.0843 | AR70: =0.1728 -> 0.1728 | AS70: =0.2097 -> 0.2097 | AT70: =1.5229 -> 1.5229 | AU70: =SourcedData!BA45 -> 1.489 | AV70: =SourcedData!BB45 -> 0.576 | AW70: =SourcedData!BC45 -> 0.948 | AX70: =SourcedData!BD45 -> 0.946 | AY70: =SourcedData!BE45 -> 0.662 | AZ70: =SourcedData!BF45 -> 0.561 | BA70: =SourcedData!BG45 -> 0.923 | BB70: =SourcedData!BH45 -> 1.117 | BC70: =SourcedData!BI45 -> 0.176 | EG70: MLCCI-110139226-49490 | EH70: MLCCI-110139226-49490 | EI70: MLCCI-110139226-49490 | EJ70: MLCCI-1639775051-95005 | EK70: MLCCI-1639775051-95005 | EL70: MLCCI-1639775051-95005 | EM70: MLCCI-1639775051-95005 | EN70: MLCCI-1639775051-95005 | EO70: MLCCI-1639775051-105346 | EP70: MLCCI-1639775051-105346 | EQ70: MLCCI-1639775051-105346 | ER70: MLCCI-1639775051-105346 | ES70: MLCCI-1639775051-114893 | ET70: MLCCI-1639775051-114893 | EU70: MLCCI-1639775051-114893 | EV70: MLCCI-1639775051-114893 | EW70: MLCCI-1639775051-125957 | EX70: MLCCI-1639775051-125957 | EY70: MLCCI-1639775051-125957 | EZ70: MLCCI-1639775051-125957 | FA70: MLCCI-1639775051-133174 | FB70: MLCCI-1639775051-133174 | FC70: MLCCI-1639775051-133174 | FD70: MLCCI-1639775051-133174 | FE70: MLCCI-1066059444-50109 | FF70: MLCCI-1066059444-50109 | FG70: MLCCI-1066059444-50109 | FH70: MLCCI-1066059444-50109
A71: Foxleigh | B71: Mt
A72: German Creek East | B72: Mt
A73: German Creek - Lake Lindsay | B73: Mt
A74: German Creek - Aquila | B74: Mt
A75: German Creek - Grasstree | B75: Mt
A76: Capcoal (Grasstree, Lake Lindsay and Aquila mines) | B76: Mt | X76: =1.702 -> 1.702 | Y76: =1.4674 -> 1.4674 | Z76: =1.7121 -> 1.7121 | AA76: =1.6049 -> 1.6049 | AB76: =1.396 -> 1.396 | AC76: =1.3242 -> 1.3242 | AD76: =1.5647 -> 1.5647 | AE76: =1.3578 -> 1.3578 | AF76: =1.2136 -> 1.2136 | AG76: =1.7389 -> 1.7389 | AH76: =1.7092 -> 1.7092 | AI76: =1.2703 -> 1.2703 | AJ76: =1.3833 -> 1.3833 | AK76: =1.2219 -> 1.2219 | AL76: =1.3288 -> 1.3288 | AM76: =1.6809 -> 1.6809 | AN76: =1.3466 -> 1.3466 | AO76: =1.5541 -> 1.5541 | AP76: =1.5035 -> 1.5035 | AQ76: =1.5887 -> 1.5887 | AR76: =0.7464 -> 0.7464 | AS76: =0.5271 -> 0.5271 | AT76: =1.1494 -> 1.1494 | AU76: =SourcedData!BA46 -> 1.023 | AV76: =SourcedData!BB46 -> 0.745 | AW76: =SourcedData!BC46 -> 0.874 | AX76: =SourcedData!BD46 -> 1.338 | AY76: =SourcedData!BE46 -> 1.181 | AZ76: =SourcedData!BF46 -> 0.977 | BA76: =SourcedData!BG46 -> 0.626 | BB76: =SourcedData!BH46 -> 1.068 | ... BG76: =SourcedData!BM46 -> 1.338 | EG76: MLCCI-110139226-49490 | EH76: MLCCI-110139226-49490 | EI76: MLCCI-110139226-49490 | EJ76: MLCCI-1639775051-95005 | EK76: MLCCI-1639775051-95005 | EL76: MLCCI-1639775051-95005 | EM76: MLCCI-1639775051-95005 | EN76: MLCCI-1639775051-95005 | EO76: MLCCI-1639775051-105346 | EP76: MLCCI-1639775051-105346 | EQ76: MLCCI-1639775051-105346 | ER76: MLCCI-1639775051-105346 | ES76: MLCCI-1639775051-114893 | ET76: MLCCI-1639775051-114893 | EU76: MLCCI-1639775051-114893 | EV76: MLCCI-1639775051-114893 | EW76: MLCCI-1639775051-125957 | EX76: MLCCI-1639775051-125957 | EY76: MLCCI-1639775051-125957 | EZ76: MLCCI-1639775051-125957 | FA76: MLCCI-1639775051-133174 | FB76: MLCCI-1639775051-133174 | FC76: MLCCI-1639775051-133174 | FD76: MLCCI-1639775051-133174 | FE76: MLCCI-1066059444-50109 | FF76: MLCCI-1066059444-50109 | FG76: MLCCI-1066059444-50109 | FH76: MLCCI-1066059444-50109
A77: Grosvenor | B77: Mt | X77: =0.7098 -> 0.7098 | Y77: =0.1836 -> 0.1836 | Z77: =1.0125 -> 1.0125 | AA77: =0.1613 -> 0.1613 | AB77: =SourcedData!AH47 -> 0.8256 | AC77: =SourcedData!AI47 -> 1.342 | AD77: =SourcedData!AJ47 -> 1.2398 | AE77: =SourcedData!AK47 -> 0.3561 | AF77: =SourcedData!AL47 -> 1.3332 | AG77: =SourcedData!AM47 -> 1.0325 | AH77: =SourcedData!AN47 -> 1.3445 | AI77: =SourcedData!AO47 -> 1.0117 | ... AL77: =SourcedData!AR47 -> 0.0045 | AM77: =0 -> 0 | AN77: =0 -> 0 | AO77: =0 -> 0 | AP77: =0.0195 -> 0.0195 | AQ77: =0.0521 -> 0.0521 | AR77: =0.1252 -> 0.1252 | AS77: =0.8563 -> 0.8563 | AT77: =1.2774 -> 1.2774 | AU77: =SourcedData!BA47 -> 0.7776 | AV77: =SourcedData!BB47 -> 0.976 | AW77: =SourcedData!BC47 -> 0.24 | AX77: =SourcedData!BD47 -> 0.56 | AY77: =SourcedData!BE47 -> 1.021 | AZ77: =SourcedData!BF47 -> 0.967 | BA77: =SourcedData!BG47 -> 1.215 | BB77: =SourcedData!BH47 -> 0.191 | BC77: =SourcedData!BI47 -> 0 | EG77: MLCCI-110139226-49490 | EH77: MLCCI-110139226-49490 | EI77: MLCCI-110139226-49490 | EJ77: MLCCI-1639775051-95005 | EK77: MLCCI-1639775051-95005 | EL77: MLCCI-1639775051-95005 | EM77: MLCCI-1639775051-95005 | EN77: MLCCI-1639775051-95005 | EO77: MLCCI-1639775051-105346 | EP77: MLCCI-1639775051-105346 | EQ77: MLCCI-1639775051-105346 | ER77: MLCCI-1639775051-105346 | ES77: MLCCI-1639775051-114893 | ET77: MLCCI-1639775051-114893 | EU77: MLCCI-1639775051-114893 | EV77: MLCCI-1639775051-114893 | EW77: MLCCI-1639775051-125957 | EX77: MLCCI-1639775051-125957 | EY77: MLCCI-1639775051-125957 | EZ77: MLCCI-1639775051-125957 | FA77: MLCCI-1639775051-133174 | FB77: MLCCI-1639775051-133174 | FC77: MLCCI-1639775051-133174 | FD77: MLCCI-1639775051-133174 | FE77: MLCCI-1066059444-50109 | FF77: MLCCI-1066059444-50109 | FG77: MLCCI-1066059444-50109 | FH77: MLCCI-1066059444-50109
A78: Jellinbah East | B78: Mt
A79: Lake Vermont | B79: Mt
A80: Jellinbah Group (Lake Vermont and Jellinbah East) | B80: Mt | X80: =0.7094 -> 0.7094 | Y80: =0.8364 -> 0.8364 | Z80: =0.8198 -> 0.8198 | AA80: =0.8582 -> 0.8582 | AB80: =0.8463 -> 0.8463 | AC80: =0.8173 -> 0.8173 | AD80: =0.8233 -> 0.8233 | AE80: =0.7819 -> 0.7819 | AF80: =0.7366 -> 0.7366 | AG80: =0.6949 -> 0.6949 | AH80: =0.8389 -> 0.8389 | AI80: =0.8265 -> 0.8265 | AJ80: =0.71 -> 0.71 | AK80: =0.7942 -> 0.7942 | AL80: =0.906 -> 0.906 | AM80: =0.8311 -> 0.8311 | AN80: =0.7362 -> 0.7362 | AO80: =0.7881 -> 0.7881 | AP80: =0.7916 -> 0.7916 | AQ80: =0.8022 -> 0.8022 | AR80: =0.7371 -> 0.7371 | AS80: =0.7101 -> 0.7101 | AT80: =0.8192 -> 0.8192 | AU80: =SourcedData!BA48 -> 0.7757 | AV80: =SourcedData!BB48 -> 0.716 | AW80: =SourcedData!BC48 -> 0.718 | AX80: =SourcedData!BD48 -> 0.824 | AY80: =SourcedData!BE48 -> 0.774 | AZ80: =SourcedData!BF48 -> 0.788 | BA80: =SourcedData!BG48 -> 0.827 | BB80: =SourcedData!BH48 -> 0.798 | BC80: =SourcedData!BI48 -> 0.307 | EG80: MLCCI-110139226-49490 | EH80: MLCCI-110139226-49490 | EI80: MLCCI-110139226-49490 | EJ80: MLCCI-1639775051-95005 | EK80: MLCCI-1639775051-95005 | EL80: MLCCI-1639775051-95005 | EM80: MLCCI-1639775051-95005 | EN80: MLCCI-1639775051-95005 | EO80: MLCCI-1639775051-105346 | EP80: MLCCI-1639775051-105346 | EQ80: MLCCI-1639775051-105346 | ER80: MLCCI-1639775051-105346 | EV80: MLCCI-1639775051-114893 | EW80: MLCCI-1639775051-125957 | EX80: MLCCI-1639775051-125957 | EY80: MLCCI-1639775051-125957 | EZ80: MLCCI-1639775051-125957 | FA80: MLCCI-1639775051-133174 | FB80: MLCCI-1639775051-133174 | FC80: MLCCI-1639775051-133174 | FD80: MLCCI-1639775051-133174 | FE80: MLCCI-1066059444-50109 | FF80: MLCCI-1066059444-50109 | FG80: MLCCI-1066059444-50109 | FH80: MLCCI-1066059444-50109
A82: HCC (attributable) | B82: % | X82: =SourcedData!AD49/5.2424 -> 0.90555852 | Y82: =SourcedData!AE49/3.9635 -> 0.81670241 | Z82: =SourcedData!AF49/5.5315 -> 0.84899214 | AA82: =SourcedData!AG49/4.9239 -> 0.87335242 | AB82: =SourcedData!AH49/5.5391 -> 0.87617122 | AC82: =SourcedData!AI49/5.2619 -> 0.86181797 | AD82: =SourcedData!AJ49/5.3823 -> 0.84458317 | AE82: =SourcedData!AK49/5.6471 -> 0.8614333 | AF82: =SourcedData!AL49/4.1562 -> 0.78559742 | AG82: =SourcedData!AM49/5.8435 -> 0.84854967 | AH82: =SourcedData!AN49/6.5689 -> 0.85492244 | AI82: =SourcedData!AO49/6.2836 -> 0.81442167 | AJ82: =SourcedData!AP49/3826200 -> 0.78725629 | AK82: =SourcedData!AQ49/3977200 -> 0.80999195 | AL82: =SourcedData!AR49/4836100 -> 0.82072331 | AM82: =SourcedData!AS49/4182400 -> 0.7701798 | AN82: =SourcedData!AT49/3278500 -> 0.76596004 | AO82: =SourcedData!AU49/2968600 -> 0.78134474 | AP82: =SourcedData!AV49/4288500 -> 0.83185263 | AQ82: =SourcedData!AW49/4372100 -> 0.66842021 | AR82: =SourcedData!AX49/2226400 -> 0.78736974 | AS82: =SourcedData!AY49/2620600 -> 0.81111196 | AT82: =SourcedData!AZ49/5510200 -> 0.82795543 | AU82: =SourcedData!BA49/4.6498 -> 0.78439933 | AV82: =SourcedData!BB49/3533 -> 0.80441551 | AW82: =SourcedData!BC49/3356 -> 0.70262217 | AX82: =SourcedData!BD49/3356 -> 0.70262217 | AY82: =SourcedData!BE49/4756 -> 0.79983179 | AZ82: =SourcedData!BF49/4756 -> 0.79983179 | BA82: =SourcedData!BG49/4756 -> 0.79983179 | BB82: =SourcedData!BH49/4756 -> 0.79983179 | BC82: =SourcedData!BI49/4756 -> 0.79983179 | CJ82: =CJ99/SUM(CJ$86:CJ$97) -> 0.86209213 | CK82: =CK99/SUM(CK$86:CK$97) -> 0.86113078 | CL82: =CL99/SUM(CL$86:CL$97) -> 0.82862691 | CM82: =CM99/SUM(CM$86:CM$97) -> 0.79782891 | CN82: =CN99/SUM(CN$86:CN$97) -> 0.76091076 | CO82: =CO99/SUM(CO$86:CO$97) -> 0.80459886 | CP82: =CP99/SUM(CP$86:CP$97) -> 0.75339003 | CQ82: =CQ99/SUM(CQ$86:CQ$97) -> 0.79983179 | CS82: Share of HCC in total metcoal production | EG82: MLCCI-110139226-49490 | EH82: MLCCI-110139226-49490 | EI82: MLCCI-110139226-49490 | EJ82: MLCCI-1639775051-95005 | EK82: MLCCI-1639775051-95005 | EL82: MLCCI-1639775051-95005 | EM82: MLCCI-1639775051-95005 | EN82: MLCCI-1639775051-95005 | EO82: MLCCI-1639775051-105346 | EP82: MLCCI-1639775051-105346 | EQ82: MLCCI-1639775051-105346 | ER82: MLCCI-1639775051-105346 | ES82: MLCCI-1639775051-114893 | ET82: MLCCI-1639775051-114893 | EU82: MLCCI-1639775051-114893 | EV82: MLCCI-1639775051-114893 | EW82: MLCCI-1639775051-125957 | EX82: MLCCI-1639775051-125957 | EY82: MLCCI-1639775051-125957 | EZ82: MLCCI-1639775051-125957
A83: PCI/SSCC (attributable) | B83: % | X83: =1-X82 -> 0.094441477 | Y83: =1-Y82 -> 0.18329759 | Z83: =1-Z82 -> 0.15100786 | AA83: =1-AA82 -> 0.12664758 | AB83: =1-AB82 -> 0.12382878 | AC83: =1-AC82 -> 0.13818203 | AD83: =1-AD82 -> 0.15541683 | AE83: =1-AE82 -> 0.1385667 | ... AG83: =1-AG82 -> 0.15145033 | AH83: =SourcedData!AN50/6.5689 -> 0.14507756 | AI83: =SourcedData!AO50/6.2836 -> 0.18557833 | AJ83: =SourcedData!AP50/3826200 -> 0.21274371 | AK83: =SourcedData!AQ50/3977200 -> 0.19000805 | AL83: =SourcedData!AR50/4836100 -> 0.17927669 | AM83: =SourcedData!AS50/4182400 -> 0.2298202 | AN83: =1-AN82 -> 0.23403996 | AO83: =1-AO82 -> 0.21865526 | AP83: =1-AP82 -> 0.16814737 | AQ83: =1-AQ82 -> 0.33157979 | AR83: =1-AR82 -> 0.21263026 | AS83: =1-AS82 -> 0.18888804 | AT83: =1-AT82 -> 0.17204457 | AU83: =SourcedData!BA50/4.6498 -> 0.21560067 | AV83: =SourcedData!BB50/3533 -> 0.19558449 | AW83: =SourcedData!BC50/3356 -> 0.29737783 | AX83: =SourcedData!BD50/3356 -> 0.29737783 | AY83: =SourcedData!BE50/4756 -> 0.20016821 | AZ83: =SourcedData!BF50/4756 -> 0.20016821 | BA83: =SourcedData!BG50/4756 -> 0.20016821 | BB83: =SourcedData!BH50/4756 -> 0.20016821 | BC83: =SourcedData!BI50/4756 -> 0.20016821 | CJ83: =CJ100/SUM(CJ$86:CJ$97) -> 0.13790787 | CK83: =CK100/SUM(CK$86:CK$97) -> 0.13886922 | CL83: =CL100/SUM(CL$86:CL$97) -> 0.17137309 | CM83: =CM100/SUM(CM$86:CM$97) -> 0.20217109 | CN83: =CN100/SUM(CN$86:CN$97) -> 0.23908924 | CO83: =CO100/SUM(CO$86:CO$97) -> 0.19540114 | CP83: =CP100/SUM(CP$86:CP$97) -> 0.24660997 | CQ83: =CQ100/SUM(CQ$86:CQ$97) -> 0.20016821 | CS83: Share of PCI/SSCC in total metcoal production | EG83: MLCCI-110139226-49490 | EH83: MLCCI-110139226-49490 | EI83: MLCCI-110139226-49490 | EJ83: MLCCI-1639775051-95005 | EK83: MLCCI-1639775051-95005 | EL83: MLCCI-1639775051-95005 | EM83: MLCCI-1639775051-95005 | EN83: MLCCI-1639775051-95005 | EO83: MLCCI-1639775051-105346 | EP83: MLCCI-1639775051-105346 | EQ83: MLCCI-1639775051-105346 | ER83: MLCCI-1639775051-105346 | ES83: MLCCI-1639775051-114893 | ET83: MLCCI-1639775051-114893 | EU83: MLCCI-1639775051-114893 | EV83: MLCCI-1639775051-114893 | EW83: MLCCI-1639775051-125957 | EX83: MLCCI-1639775051-125957 | EY83: MLCCI-1639775051-125957 | EZ83: MLCCI-1639775051-125957
A85: Saleable Production - metcoal - 100%
A86: Dawson | B86: Mt | X86: =X69/X35 -> 1.382549 | Y86: =Y69/Y35 -> 1.5441176 | Z86: =Z69/Z35 -> 1.3143137 | AA86: =AA69/AA35 -> 0.62686275 | AB86: =AB69/AB35 -> 1.0480392 | AC86: =AC69/AC35 -> 1.4001961 | AD86: =AD69/AD35 -> 0.93862745 | AE86: =AE69/AE35 -> 1.3060784 | ... BG86: =BG69/BG35 -> 1.0843137 | BJ86: =SourcedData!BO51 -> 5.021507 | BK86: =SourcedData!BP51 -> 5.106015 | BM86: =SourcedData!BR51 -> 5.426764 | BN86: =SourcedData!BS51 -> 5.927868 | BO86: =SourcedData!BT51 -> 4.416197 | BP86: =SourcedData!BU51 -> 4.98251 | BQ86: =SourcedData!BV51 -> 5.735878 | BR86: =SourcedData!BW51 -> 4.352722 | BS86: =SourcedData!BX51 -> 2.78714 | BT86: =SourcedData!BY51 -> 4.747469 | ... BV86: =SourcedData!CA51 -> 5.925509 | CJ86: =SUMIF($D$7:$BH$7,CJ$8,$D86:$AV86) -> 4.8678431 | CK86: =SUMIF($D$7:$BH$7,CK$8,$D86:$AV86) -> 4.6929412 | CL86: =SUMIF($D$7:$BH$7,CL$8,$D86:$AV86) -> 5.7901961 | CM86: =SUMIF($D$7:$BH$7,CM$8,$D86:$AV86) -> 4.7629412 | CN86: =SUMIF($D$7:$BH$7,CN$8,$D86:$AV86) -> 4.87 | CO86: =SUMIF($D$7:$BH$7,CO$8,$D86:$AV86) -> 4.0927451 | CP86: =SUMIF($D$7:$BH$7,CP$8,$D86:$BH86) -> 5.6901961 | CQ86: =SUMIF($D$7:$BH$7,CQ$8,$D86:$BH86) -> 5.7 | CS86: FY saleable production numbers; FY2014-2015 combined thermal and coking coal production is available; Quarterly attributable production converted to total production | CX86: MLCCI-1639775051-92911 | CY86: MLCCI-1639775051-92911 | DA86: MLCCI-1639775051-92912 | DB86: MLCCI-1639775051-92912 | DC86: MLCCI-1639775051-130733 | DD86: MLCCI-1639775051-130733 | DE86: MLCCI-1639775051-130733 | DF86: MLCCI-1639775051-130733 | DG86: MLCCI-1639775051-130733 | DH86: MLCCI-1066059444-48245 | DI86: MLCCI-1066059444-54832 | DJ86: MLCCI-1066059444-62827
A87: Moranbah North | B87: Mt | X87: =X70/X43 -> 1.6092045 | Y87: =Y70/Y43 -> 0.7825 | Z87: =Z70/Z43 -> 1.4963636 | AA87: =AA70/AA43 -> 2.2497727 | AB87: =AB70/AB43 -> 2.2007955 | AC87: =AC70/AC43 -> 1.2094318 | AD87: =AD70/AD43 -> 1.4497727 | AE87: =AE70/AE43 -> 2.8240909 | ... BC87: =BC70/BC43 -> 0.2 | BJ87: =SourcedData!BO52 -> 5.129033 | BK87: =SourcedData!BP52 -> 5.106924 | BL87: =SourcedData!BQ52 -> 5.418688 | BM87: =SourcedData!BR52 -> 4.670419 | BN87: =SourcedData!BS52 -> 6.057179 | BO87: =SourcedData!BT52 -> 7.156305 | BP87: =SourcedData!BU52 -> 6.367855 | BQ87: =SourcedData!BV52 -> 6.270721 | ... BS87: =SourcedData!BX52 -> 3.330614 | BT87: =SourcedData!BY52/10^6 -> 4.984756 | BU87: =SourcedData!BZ52 -> 3.513457 | BV87: =SourcedData!CA52 -> 2.229809 | CJ87: =SUMIF($D$7:$BH$7,CJ$8,$D87:$AV87) -> 6.1378409 | CK87: =SUMIF($D$7:$BH$7,CK$8,$D87:$AV87) -> 7.6840909 | CL87: =SUMIF($D$7:$BH$7,CL$8,$D87:$AV87) -> 6.9868182 | CM87: =SUMIF($D$7:$BH$7,CM$8,$D87:$AV87) -> 5.0344318 | CN87: =SUMIF($D$7:$BH$7,CN$8,$D87:$AV87) -> 3.4667045 | CO87: =SUMIF($D$7:$BH$7,CO$8,$D87:$AV87) -> 3.8572727 | CP87: =SUMIF($D$7:$BH$7,CP$8,$D87:$BH87) -> 3.5590909 | CQ87: =SUMIF($D$7:$BH$7,CQ$8,$D87:$BH87) -> 3.1556818 | CS87: FY saleable production numbers; Quarterly attributable production converted to total production | CX87: MLCCI-1639775051-92911 | CY87: MLCCI-1639775051-92911 | CZ87: MLCCI-1639775051-93685 | DA87: MLCCI-1639775051-92912 | DB87: MLCCI-1639775051-92912 | DC87: MLCCI-1639775051-130733 | DD87: MLCCI-1639775051-130733 | DE87: MLCCI-1639775051-130733 | DF87: MLCCI-1639775051-130733 | DG87: MLCCI-1639775051-130733 | DH87: MLCCI-1066059444-48245 | DI87: MLCCI-1066059444-54832 | DJ87: MLCCI-1066059444-62827
A88: Foxleigh | B88: Mt | BJ88: =SourcedData!BO53 -> 2.778439 | BK88: =SourcedData!BP53 -> 2.661671 | BL88: =SourcedData!BQ53 -> 3.097926 | BM88: =SourcedData!BR53 -> 2.673761 | BN88: =SourcedData!BS53 -> 3.052767 | CS88: FY saleable production numbers | CX88: MLCCI-1639775051-92911 | CY88: MLCCI-1639775051-92911 | CZ88: MLCCI-1639775051-93685 | DA88: MLCCI-1639775051-92912 | DB88: MLCCI-1639775051-92912
A89: German Creek East | B89: Mt | BJ89: =SourcedData!BO54 -> 1.294596 | BK89: =SourcedData!BP54 -> 0.737186 | CS89: FY saleable production numbers; German Creek East & Oak Park operation ceased in 2013 | CX89: MLCCI-1639775051-92911 | CY89: MLCCI-1639775051-92911
A90: German Creek - Lake Lindsay | B90: Mt | BJ90: =SourcedData!BO55 -> 4.073445 | BK90: =SourcedData!BP55 -> 4.345351 | BM90: =SourcedData!BR55 -> 3.811109 | BN90: =SourcedData!BS55 -> 2.764204 | BO90: =SourcedData!BT55 -> 2.714993 | BP90: =SourcedData!BU55 -> 3.110368 | BQ90: =SourcedData!BV55 -> 3.584946 | BR90: =SourcedData!BW55 -> 2.228584 | BS90: =SourcedData!BX55 -> 2.240319 | BT90: =SourcedData!BY55 -> 2.885336 | ... BV90: =SourcedData!CA55 -> 3.205491 | CS90: FY saleable production numbers; FY2014-2015 combined thermal and coking coal production is available | CX90: MLCCI-1639775051-92911 | CY90: MLCCI-1639775051-92911 | DA90: MLCCI-1639775051-92912 | DB90: MLCCI-1639775051-92912 | DC90: MLCCI-1639775051-130733 | DD90: MLCCI-1639775051-130733 | DE90: MLCCI-1639775051-130733 | DF90: MLCCI-1639775051-130733 | DG90: MLCCI-1639775051-130733 | DH90: MLCCI-1066059444-48245 | DI90: MLCCI-1066059444-54832 | DJ90: MLCCI-1066059444-62827
A91: German Creek - Aquila | B91: Mt | BJ91: =SourcedData!BO56 -> 0.286021 | BK91: =SourcedData!BP56 -> 0.16415 | BT91: =SourcedData!BY56/10^6 -> 2.446131 | BU91: =SourcedData!BZ56 -> 3.19479 | BV91: =SourcedData!CA56 -> 3.28149 | CS91: FY saleable production numbers; Aquila Bord & Pillar into care and maintenance since July 2013 | CX91: MLCCI-1639775051-92911 | CY91: MLCCI-1639775051-92911 | DH91: MLCCI-1066059444-48245 | DI91: MLCCI-1066059444-54832 | DJ91: MLCCI-1066059444-62827
A92: German Creek - Grasstree | B92: Mt | BJ92: =SourcedData!BO57 -> 2.585136 | BK92: =SourcedData!BP57 -> 4.638779 | BL92: =SourcedData!BQ57 -> 6.281913 | BM92: =SourcedData!BR57 -> 7.900809 | BN92: =SourcedData!BS57 -> 5.686654 | BO92: =SourcedData!BT57 -> 5.909168 | BP92: =SourcedData!BU57 -> 5.282424 | BQ92: =SourcedData!BV57 -> 4.299648 | ... BS92: =SourcedData!BX57 -> 4.035387 | CS92: FY saleable production numbers | CX92: MLCCI-1639775051-92911 | CY92: MLCCI-1639775051-92911 | CZ92: MLCCI-1639775051-93685 | DA92: MLCCI-1639775051-92912 | DB92: MLCCI-1639775051-92912 | DC92: MLCCI-1639775051-130733 | DD92: MLCCI-1639775051-130733 | DE92: MLCCI-1639775051-130733 | DF92: MLCCI-1639775051-130733 | DG92: MLCCI-1639775051-130733 | DH92: MLCCI-1066059444-48245 | DI92: MLCCI-1066059444-54832 | DJ92: MLCCI-1066059444-62827
A93: Capcoal (Grasstree, Lake Lindsay and Aquila mines) | B93: Mt | X93: =X76/(X38*$CJ$129+$CJ$128*X41) -> 2.3311902 | Y93: =Y76/(Y38*$CJ$129+$CJ$128*Y41) -> 2.009864 | Z93: =Z76/(Z38*$CJ$129+$CJ$128*Z41) -> 2.3450239 | AA93: =AA76/(AA38*$CJ$129+$CJ$128*AA41) -> 2.1981945 | AB93: =AB76/(AB38*$CK$129+$CK$128*AB41) -> 1.9138673 | AC93: =AC76/(AC38*$CK$129+$CK$128*AC41) -> 1.815432 | AD93: =AD76/(AD38*$CK$129+$CK$128*AD41) -> 2.1451491 | AE93: =AE76/(AE38*$CK$129+$CK$128*AE41) -> 1.8614964 | AF93: =AF76/(AF38*$CL$129+$CL$128*AF41) -> 1.6478973 | AG93: =AG76/(AG38*$CL$129+$CL$128*AG41) -> 2.3611804 | AH93: =AH76/(AH38*$CL$129+$CL$128*AH41) -> 2.320852 | AI93: =AI76/(AI38*$CL$129+$CL$128*AI41) -> 1.7248879 | AJ93: =AJ76/(AJ38*$CM$129+$CM$128*AJ41) -> 1.8793642 | AK93: =AK76/(AK38*$CM$129+$CM$128*AK41) -> 1.6600847 | AL93: =AL76/(AL38*$CM$129+$CM$128*AL41) -> 1.80532 | AM93: =AM76/(AM38*$CM$129+$CM$128*AM41) -> 2.2836863 | AN93: =AN76/(AN38*$CN$129+$CN$128*AN41) -> 1.8353138 | AO93: =AO76/(AO38*$CN$129+$CN$128*AO41) -> 2.1181206 | AP93: =AP76/(AP38*$CN$129+$CN$128*AP41) -> 2.0491566 | AQ93: =AQ76/(AQ38*$CN$129+$CN$128*AQ41) -> 2.1652778 | AR93: =AR76/(AR33*$CN$129+$CN$128*AR41) -> 1.0172867 | AS93: =AS76/(AS33*$CN$129+$CN$128*AS41) -> 0.71839738 | AT93: =AT76/(AT33*$CN$129+$CN$128*AT41) -> 1.5665452 | AU93: =AU76/(AU33*$CN$129+$CN$128*AU41) -> 1.3942715 | AV93: =AV76/(AV33*$CN$129+$CN$128*AV41) -> 1.0153786 | AW93: =AW76/(AW33*$CN$129+$CN$128*AW41) -> 1.1911958 | AX93: =AX76/(AX33*$CN$129+$CN$128*AX41) -> 1.8235927 | AY93: =AY76/(AY33*$CN$129+$CN$128*AY41) -> 1.6096136 | ... BG93: =BG76/(BG33*$CN$129+$CN$128*BG41) -> 1.8235927 | BH93: Recalculated based on share of mines in Capcoal complex, times Anglo's ownership share in each | CJ93: =SUMIF($D$7:$BH$7,CJ$8,$D93:$BH93) -> 8.8842725 | CK93: =SUMIF($D$7:$BH$7,CK$8,$D93:$BH93) -> 7.7359448 | CL93: =SUMIF($D$7:$BH$7,CL$8,$D93:$BH93) -> 8.0548176 | CM93: =SUMIF($D$7:$BH$7,CM$8,$D93:$BH93) -> 7.6284553 | CN93: =SUMIF($D$7:$BH$7,CN$8,$D93:$BH93) -> 8.1678689 | CO93: =SUMIF($D$7:$BH$7,CO$8,$D93:$BH93) -> 4.6965008 | CP93: =SUMIF($D$7:$BH$7,CP$8,$D93:$BH93) -> 5.6397806 | CQ93: =SUMIF($D$7:$BH$7,CQ$8,$D93:$BH93) -> 5.1341357 | CS93: Quarterly attributable production converted to total production
A94: Grosvenor | B94: Mt | X94: =X77/X39 -> 0.7098 | Y94: =Y77/Y39 -> 0.1836 | Z94: =Z77/Z39 -> 1.0125 | AA94: =AA77/AA39 -> 0.1613 | AB94: =AB77/AB39 -> 0.8256 | AC94: =AC77/AC39 -> 1.342 | AD94: =AD77/AD39 -> 1.2398 | AE94: =AE77/AE39 -> 0.3561 | ... BC94: =BC77/BC39 -> 0 | BL94: =SourcedData!BQ58 -> 0.121818 | BM94: =SourcedData!BR58 -> 0.860561 | BN94: =SourcedData!BS58 -> 2.118173 | BO94: =SourcedData!BT58 -> 3.341394 | BP94: =SourcedData!BU58 -> 3.934598 | BQ94: =SourcedData!BV58 -> 3.461741 | BR94: =SourcedData!BW58 -> 0.004565 | BS94: =SourcedData!BX58 -> 1.196651 | ... BV94: =SourcedData!CA58 -> 0.215788 | CJ94: =SUMIF($D$7:$BH$7,CJ$8,$D94:$BH94) -> 2.0672 | CK94: =SUMIF($D$7:$BH$7,CK$8,$D94:$BH94) -> 3.7635 | CL94: =SUMIF($D$7:$BH$7,CL$8,$D94:$BH94) -> 4.7219 | CM94: =SUMIF($D$7:$BH$7,CM$8,$D94:$BH94) -> 1.1063 | CN94: =SUMIF($D$7:$BH$7,CN$8,$D94:$BH94) -> 0.081363636 | CO94: =SUMIF($D$7:$BH$7,CO$8,$D94:$BH94) -> 3.4505682 | CP94: =SUMIF($D$7:$BH$7,CP$8,$D94:$BH94) -> 3.1784091 | CQ94: =SUMIF($D$7:$BH$7,CQ$8,$D94:$BH94) -> 2.6965909 | CS94: FY saleable production numbers; Quarterly attributable production converted to total production | CZ94: MLCCI-1639775051-93685 | DA94: MLCCI-1639775051-92912 | DB94: MLCCI-1639775051-92912 | DC94: MLCCI-1639775051-130733 | DD94: MLCCI-1639775051-130733 | DE94: MLCCI-1639775051-130733 | DF94: MLCCI-1639775051-130733 | DG94: MLCCI-1639775051-130733 | DH94: MLCCI-1066059444-48245 | DI94: MLCCI-1066059444-54832 | DJ94: MLCCI-1066059444-62827
A95: Jellinbah East | B95: Mt | BJ95: =SourcedData!BO59 -> 4.342972 | BK95: =SourcedData!BP59 -> 4.80455 | BM95: =SourcedData!BR59 -> 4.743857 | BN95: =SourcedData!BS59 -> 4.605079 | BO95: =SourcedData!BT59 -> 4.827 | BP95: =SourcedData!BU59 -> 4.536 | BQ95: =SourcedData!BV59 -> 4.111077 | BR95: =SourcedData!BW59 -> 4.469867 | BS95: =SourcedData!BX59 -> 3.976898 | BT95: =SourcedData!BY59 -> 4.294676 | ... BV95: =SourcedData!CA59 -> 5.992114 | CS95: FY saleable production numbers; FY2014-2015 combined thermal and coking coal production is available | CX95: MLCCI-1639775051-92911 | CY95: MLCCI-1639775051-92911 | DA95: MLCCI-1639775051-92912 | DB95: MLCCI-1639775051-92912 | DC95: MLCCI-1639775051-111992 | DD95: MLCCI-1639775051-111992 | DE95: MLCCI-1639775051-111992 | DF95: MLCCI-1639775051-130733 | DG95: MLCCI-1639775051-130733 | DH95: MLCCI-1066059444-48245 | DI95: MLCCI-1066059444-54832 | DJ95: MLCCI-1066059444-62827
A96: Lake Vermont | B96: Mt | BJ96: =SourcedData!BO60 -> 4.787568 | BK96: =SourcedData!BP60 -> 7.527102 | BL96: =SourcedData!BQ60 -> 8.338484 | BM96: =SourcedData!BR60 -> 8.970878 | BN96: =SourcedData!BS60 -> 8.838967 | BO96: =SourcedData!BT60 -> 9.092 | BP96: =SourcedData!BU60 -> 8.138 | BQ96: =SourcedData!BV60 -> 6.365477 | ... BV96: =SourcedData!CA60 -> 7.539075 | CS96: FY saleable production numbers | CX96: MLCCI-1639775051-92911 | CY96: MLCCI-1639775051-92911 | CZ96: MLCCI-1639775051-93685 | DA96: MLCCI-1639775051-92912 | DB96: MLCCI-1639775051-92912 | DC96: MLCCI-1639775051-111992 | DD96: MLCCI-1639775051-111992 | DE96: MLCCI-1639775051-111992 | DF96: MLCCI-1639775051-130733 | DG96: MLCCI-1639775051-130733 | DH96: MLCCI-1066059444-48245 | DI96: MLCCI-1066059444-54832 | DJ96: MLCCI-1066059444-62827
A97: Jellinbah Group (Lake Vermont and Jellinbah East) | B97: Mt | X97: =X80/X42 -> 3.0446352 | Y97: =Y80/Y42 -> 3.5896996 | Z97: =Z80/Z42 -> 3.5184549 | AA97: =AA80/AA42 -> 3.6832618 | AB97: =AB80/AB42 -> 3.6321888 | AC97: =AC80/AC42 -> 3.5077253 | AD97: =AD80/AD42 -> 3.5334764 | AE97: =AE80/AE42 -> 3.355794 | ... BC97: =BC80/BC42 -> 1.3175966 | CJ97: =SUMIF($D$7:$BH$7,CJ$8,$D97:$BH97) -> 13.836052 | CK97: =SUMIF($D$7:$BH$7,CK$8,$D97:$BH97) -> 14.029185 | CL97: =SUMIF($D$7:$BH$7,CL$8,$D97:$BH97) -> 13.291416 | CM97: =SUMIF($D$7:$BH$7,CM$8,$D97:$BH97) -> 13.911159 | CN97: =SUMIF($D$7:$BH$7,CN$8,$D97:$BH97) -> 13.382403 | CO97: =SUMIF($D$7:$BH$7,CO$8,$D97:$BH97) -> 13.056223 | CP97: =SUMIF($D$7:$BH$7,CP$8,$D97:$BH97) -> 13.012876 | CQ97: =SUMIF($D$7:$BH$7,CQ$8,$D97:$BH97) -> 11.67382
A99: HCC production | B99: Mt | X99: =X82*SUM(X$86:X$97) -> 8.2200978 | Y99: =Y82*SUM(Y$86:Y$97) -> 6.6232778 | Z99: =Z82*SUM(Z$86:Z$97) -> 8.2238949 | AA99: =AA82*SUM(AA$86:AA$97) -> 7.7897725 | AB99: =AB82*SUM(AB$86:AB$97) -> 8.4291972 | AC99: =AC82*SUM(AC$86:AC$97) -> 7.9931766 | AD99: =AD82*SUM(AD$86:AD$97) -> 7.8603883 | AE99: =AE82*SUM(AE$86:AE$97) -> 8.3589695 | ... BC99: =BC82*SUM(BC$86:BC$97) -> 3.7337942 | CJ99: =SUMIF($D$7:$BH$7,CJ$8,$D99:$BH99) -> 30.857043 | CK99: =SUMIF($D$7:$BH$7,CK$8,$D99:$BH99) -> 32.641732 | CL99: =SUMIF($D$7:$BH$7,CL$8,$D99:$BH99) -> 32.188135 | CM99: =SUMIF($D$7:$BH$7,CM$8,$D99:$BH99) -> 25.884192 | CN99: =SUMIF($D$7:$BH$7,CN$8,$D99:$BH99) -> 22.803233 | CO99: =SUMIF($D$7:$BH$7,CO$8,$D99:$BH99) -> 23.45672 | CP99: =SUMIF($D$7:$BH$7,CP$8,$D99:$BH99) -> 23.415628 | CQ99: =SUMIF($D$7:$BH$7,CQ$8,$D99:$BH99) -> 22.683412 | CS99: Total metcoal production at mines times share of HCC
A100: PCI/SSCC production | B100: Mt | X100: =X83*SUM(X$86:X$97) -> 0.85728107 | Y100: =Y83*SUM(Y$86:Y$97) -> 1.4865033 | Z100: =Z83*SUM(Z$86:Z$97) -> 1.4627613 | AA100: =AA83*SUM(AA$86:AA$97) -> 1.1296194 | AB100: =AB83*SUM(AB$86:AB$97) -> 1.1912936 | AC100: =AC83*SUM(AC$86:AC$97) -> 1.2816086 | AD100: =AD83*SUM(AD$86:AD$97) -> 1.4464373 | AE100: =AE83*SUM(AE$86:AE$97) -> 1.3445902 | ... BC100: =BC83*SUM(BC$86:BC$97) -> 0.9344301 | CJ100: =SUMIF($D$7:$BH$7,CJ$8,$D100:$BH100) -> 4.936165 | CK100: =SUMIF($D$7:$BH$7,CK$8,$D100:$BH100) -> 5.2639298 | CL100: =SUMIF($D$7:$BH$7,CL$8,$D100:$BH100) -> 6.657013 | CM100: =SUMIF($D$7:$BH$7,CM$8,$D100:$BH100) -> 6.5590946 | CN100: =SUMIF($D$7:$BH$7,CN$8,$D100:$BH100) -> 7.1651077 | CO100: =SUMIF($D$7:$BH$7,CO$8,$D100:$BH100) -> 5.6965901 | CP100: =SUMIF($D$7:$BH$7,CP$8,$D100:$BH100) -> 7.6647246 | CQ100: =SUMIF($D$7:$BH$7,CQ$8,$D100:$BH100) -> 5.6768161 | CS100: Total metcoal production at mines times share of PCI/SSCC
A103: Saleable Production - Thermal Coal - attributable share
A104: Dawson | B104: Mt | X104: =SourcedData!AD61 -> 0.387 | Y104: =(0.2593) -> 0.2593 | Z104: =(0.3425) -> 0.3425 | AA104: =(0.3108) -> 0.3108 | AB104: =(0.1145) -> 0.1145 | AC104: =(0.1934) -> 0.1934 | AD104: =(0.3577) -> 0.3577 | AE104: =(0.3205) -> 0.3205 | AF104: =(0.2633) -> 0.2633 | AG104: =0.1452 -> 0.1452 | AH104: =0.3232 -> 0.3232 | AI104: =0.2229 -> 0.2229 | AJ104: =0.2631 -> 0.2631 | AK104: =0.34 -> 0.34 | AL104: =0.4297 -> 0.4297 | EG104: MLCCI-110139226-49490 | EH104: MLCCI-110139226-49490 | EI104: MLCCI-110139226-49490 | EJ104: MLCCI-1639775051-95005 | EK104: MLCCI-1639775051-95005 | EL104: MLCCI-1639775051-95005 | EM104: MLCCI-1639775051-95005 | EN104: MLCCI-1639775051-95005 | EO104: MLCCI-1639775051-105346 | EP104: MLCCI-1639775051-105346 | EQ104: MLCCI-1639775051-105346 | ER104: MLCCI-1639775051-105346 | ES104: MLCCI-522708580-26370 | ET104: MLCCI-522708580-26370 | EU104: MLCCI-522708580-26370 | EV104: MLCCI-1639775051-114893 | EW104: MLCCI-1639775051-125957 | EX104: MLCCI-1639775051-125957 | EY104: MLCCI-1639775051-125957 | EZ104: MLCCI-1639775051-125957
A105: Callide & Boundary Hill | B105: Mt
A106: German Creek - Lake Lindsay | B106: Mt | X106: =0.0834 -> 0.0834 | Y106: =0.0415 -> 0.0415 | Z106: =0.062 -> 0.062 | AA106: =0.0954 -> 0.0954 | AB106: =0.0655 -> 0.0655 | AC106: =0.066 -> 0.066 | AD106: =0.0716 -> 0.0716 | AE106: =0.081 -> 0.081 | AF106: =0.064 -> 0.064 | AG106: =0.0637 -> 0.0637 | AH106: =0.0813 -> 0.0813 | AI106: =0.1232 -> 0.1232 | AJ106: =0.1147 -> 0.1147 | AK106: =0.0822 -> 0.0822 | AL106: =0.1028 -> 0.1028 | EG106: MLCCI-110139226-49490 | EH106: MLCCI-110139226-49490 | EI106: MLCCI-110139226-49490 | EJ106: MLCCI-1639775051-95005 | EK106: MLCCI-1639775051-95005 | EL106: MLCCI-1639775051-95005 | EM106: MLCCI-1639775051-95005 | EN106: MLCCI-1639775051-95005 | EO106: MLCCI-1639775051-105346 | EP106: MLCCI-1639775051-105346 | EQ106: MLCCI-1639775051-105346 | ER106: MLCCI-1639775051-105346 | ES106: MLCCI-522708580-26370 | ET106: MLCCI-522708580-26370 | EU106: MLCCI-522708580-26370 | EV106: MLCCI-1639775051-114893 | EW106: MLCCI-1639775051-125957 | EX106: MLCCI-1639775051-125957 | EY106: MLCCI-1639775051-125957 | EZ106: MLCCI-1639775051-125957
A107: Jellinbah East | B107: Mt
A108: Lake Vermont | B108: Mt
A109: Jellinbah Group (Lake Vermont and Jellinbah East) | B109: Mt | X109: =0.0086 -> 0.0086 | Y109: =0.0039 -> 0.0039 | Z109: =0.0169 -> 0.0169 | AA109: =0.0024 -> 0.0024 | AB109: =0.0287 -> 0.0287 | AC109: =0.0305 -> 0.0305 | AD109: =0.0258 -> 0.0258 | AE109: =0.0261 -> 0.0261 | AF109: =0.0112 -> 0.0112 | AG109: =0.0363 -> 0.0363 | AH109: =0.0334 -> 0.0334 | AI109: =0.0431 -> 0.0431 | AJ109: =0.0254 -> 0.0254 | AK109: =0.0458 -> 0.0458 | AL109: =0.0545 -> 0.0545 | EG109: MLCCI-110139226-49490 | EH109: MLCCI-110139226-49490 | EI109: MLCCI-110139226-49490 | EJ109: MLCCI-1639775051-95005 | EK109: MLCCI-1639775051-95005 | EL109: MLCCI-1639775051-95005 | EM109: MLCCI-1639775051-95005 | EN109: MLCCI-1639775051-95005 | EO109: MLCCI-1639775051-105346 | EP109: MLCCI-1639775051-105346 | EQ109: MLCCI-1639775051-105346 | ER109: MLCCI-1639775051-105346 | ES109: MLCCI-522708580-26370 | ET109: MLCCI-522708580-26370 | EU109: MLCCI-522708580-26370 | EV109: MLCCI-1639775051-114893 | EW109: MLCCI-1639775051-125957 | EX109: MLCCI-1639775051-125957 | EY109: MLCCI-1639775051-125957 | EZ109: MLCCI-1639775051-125957
A110: Total Attributable thermal coal | B110: Mt | X110: =X21 -> 0.479 | Y110: =Y21 -> 0.3047 | Z110: =Z21 -> 0.4214 | AA110: =AA21 -> 0.4086 | AB110: =AB21 -> 0.2087 | AC110: =AC21 -> 0.2899 | AD110: =AD21 -> 0.4551 | AE110: =AE21 -> 0.4276 | ... BG110: =BG21 -> 0.413
X111: =X113*0.51+X115*X41+X118*0.233 -> 0.479 | Y111: =Y113*0.51+Y115*Y41+Y118*0.233 -> 0.3047 | Z111: =Z113*0.51+Z115*Z41+Z118*0.233 -> 0.4214 | AA111: =AA113*0.51+AA115*AA41+AA118*0.233 -> 0.4086 | AB111: =AB113*0.51+AB115*AB41+AB118*0.233 -> 0.2087 | AC111: =AC113*0.51+AC115*AC41+AC118*0.233 -> 0.2899 | AD111: =AD113*0.51+AD115*AD41+AD118*0.233 -> 0.4551 | AE111: =AE113*0.51+AE115*AE41+AE118*0.233 -> 0.4276 | ... BG111: =BG113*0.51+BG115*BG41+BG118*0.233 -> 0
A112: Saleable Production - Thermal Coal - 100%
A113: Dawson | B113: Mt | X113: =X104/X35 -> 0.75882353 | Y113: =Y104/Y35 -> 0.50843137 | Z113: =Z104/Z35 -> 0.67156863 | AA113: =AA104/AA35 -> 0.60941176 | AB113: =AB104/AB35 -> 0.2245098 | AC113: =AC104/AC35 -> 0.37921569 | AD113: =AD104/AD35 -> 0.70137255 | AE113: =AE104/AE35 -> 0.62843137 | ... AL113: =AL104/AL35 -> 0.84254902 | AM113: =SourcedData!AS62 -> 0.69 | AN113: =AM113/AM$110*AN$110 -> 0.45697315 | AO113: =SourcedData!AU62 -> 0.69 | AP113: =SourcedData!AV62 -> 0.51 | AQ113: =SourcedData!AW62 -> 0.39 | AR113: =SourcedData!AX62 -> 0.5 | AS113: =SourcedData!AY62 -> 0.4 | AT113: =SourcedData!AZ62 -> 0.6 | AU113: =SourcedData!BA62 -> 0.6 | AV113: =SourcedData!BB62 -> 0.35 | ... BC113: =SourcedData!BI62 -> 0.5 | BJ113: =SourcedData!BO62 -> 3.529216 | BK113: =SourcedData!BP62 -> 3.286061 | BM113: =SourcedData!BR62 -> 3.249844 | BN113: =SourcedData!BS62 -> 3.087346 | BO113: =SourcedData!BT62 -> 1.858059 | BP113: =SourcedData!BU62 -> 2.152145 | BQ113: =SourcedData!BV62 -> 2.253505 | BR113: =SourcedData!BW62 -> 2.681986 | BS113: =SourcedData!BX62 -> 1.737416 | BT113: =SourcedData!BY62 -> 2.234787 | ... BV113: =SourcedData!CA62 -> 1.451145 | CJ113: =SUMIF($D$7:$BH$7,CJ$8,$D113:$AN113) -> 2.5482353 | CK113: =SUMIF($D$7:$BH$7,CK$8,$D113:$AN113) -> 1.9335294 | CL113: =SUMIF($D$7:$BH$7,CL$8,$D113:$AN113) -> 1.8717647 | CM113: =SUMIF($D$7:$BH$7,CM$8,$D113:$AN113) -> 2.715098 | CN113: =SUMIF($D$7:$BH$7,CN$8,$D113:$BH113) -> 2.0469731 | CO113: =SUMIF($D$7:$BH$7,CO$8,$D113:$BH113) -> 2.1 | CP113: =SUMIF($D$7:$BH$7,CP$8,$D113:$BH113) -> 1.35 | CQ113: =SUMIF($D$7:$BH$7,CQ$8,$D113:$BH113) -> 1.2 | CS113: FY saleable production numbers; Q4 2020 attributable thermal coal production has been split in the Q3 production ratio | CX113: MLCCI-1639775051-92911 | CY113: MLCCI-1639775051-92911 | DA113: MLCCI-1639775051-92912 | DB113: MLCCI-1639775051-92912 | DC113: MLCCI-1639775051-130733 | DD113: MLCCI-1639775051-130733 | DE113: MLCCI-1639775051-130733 | DF113: MLCCI-1639775051-130733 | DG113: MLCCI-1639775051-130733 | DH113: MLCCI-1066059444-48245 | DI113: MLCCI-1066059444-54832 | DJ113: MLCCI-1066059444-62827
...

Sheet VariousOperations_Employees
A1: Anglo American Coal - Employee Calculations
A3: Color Legend
A4: Sourced datapoint
A5: Calculation
A6: Assumption
B7: Quarterly Coal Mine Employees | BS7: Source
B8: 2012 | C8: 2012 | D8: 2012 | E8: 2012 | F8: 2013 | G8: 2013 | H8: 2013 | I8: 2013 | J8: 2014 | K8: 2014 | L8: 2014 | M8: 2014 | N8: 2015 | O8: 2015 | P8: 2015 | Q8: 2015 | R8: 2016 | S8: 2016 | T8: 2016 | U8: 2016 | V8: 2017 | W8: 2017 | X8: 2017 | Y8: 2017 | Z8: 2018 | AA8: 2018 | AB8: 2018 | AC8: 2018 | AD8: 2019 | AE8: 2019 | AF8: 2019 | AG8: 2019 | AH8: 2020 | AI8: 2020 | AJ8: 2020 | AK8: 2020 | AL8: 2021 | AM8: 2021 | AN8: 2021 | AO8: 2021 | AP8: 2022 | AQ8: 2022 | AR8: 2022 | AS8: 2022 | AT8: 2023 | AU8: 2023 | AV8: 2023 | AW8: 2023 | AX8: 2024 | AY8: 2024 | AZ8: 2024 | BA8: 2024 | BS8: 2012 | BT8: 2012 | BU8: 2012 | BV8: 2012 | BW8: 2013 | BX8: 2013 | BY8: 2013 | BZ8: 2013 | CA8: 2014 | CB8: 2014 | CC8: 2014 | CD8: 2014 | CE8: 2015 | CF8: 2015 | CG8: 2015 | CH8: 2015 | CI8: 2016 | CJ8: 2016 | CK8: 2016 | CL8: 2016 | CM8: 2017 | CN8: 2017 | CO8: 2017 | CP8: 2017 | CQ8: 2018 | CR8: 2018 | CS8: 2018 | CT8: 2018 | CU8: 2019 | CV8: 2019 | CW8: 2019 | CX8: 2019 | CY8: 2020 | CZ8: 2020 | DA8: 2020 | DB8: 2020 | DC8: 2021 | DD8: 2021 | DE8: 2021 | DF8: 2021 | DG8: 2022 | DH8: 2022 | DI8: 2022 | DJ8: 2022 | DK8: 2023 | DL8: 2023 | DM8: 2023 | DN8: 2023 | DO8: 2024 | DP8: 2024 | DQ8: 2024 | DR8: 2024
B9: Q1 | C9: Q2 | D9: Q3 | E9: Q4 | F9: Q1 | G9: Q2 | H9: Q3 | I9: Q4 | J9: Q1 | K9: Q2 | L9: Q3 | M9: Q4 | N9: Q1 | O9: Q2 | P9: Q3 | Q9: Q4 | R9: Q1 | S9: Q2 | T9: Q3 | U9: Q4 | V9: Q1 | W9: Q2 | X9: Q3 | Y9: Q4 | Z9: Q1 | AA9: Q2 | AB9: Q3 | AC9: Q4 | AD9: Q1 | AE9: Q2 | AF9: Q3 | AG9: Q4 | AH9: Q1 | AI9: Q2 | AJ9: Q3 | AK9: Q4 | AL9: Q1 | AM9: Q2 | AN9: Q3 | AO9: Q4 | AP9: Q1 | AQ9: Q2 | AR9: Q3 | AS9: Q4 | AT9: Q1 | AU9: Q2 | AV9: Q3 | AW9: Q4 | AX9: Q1 | AY9: Q2 | AZ9: Q3 | BA9: Q4 | BC9: 2012 | BD9: 2013 | BE9: 2014 | BF9: 2015 | BG9: 2016 | BH9: 2017 | BI9: 2018 | BJ9: 2019 | BK9: 2020 | BL9: 2021 | BM9: 2022 | BN9: 2023 | BO9: 2024 | BQ9: Comment/Description | BS9: Q1 | BT9: Q2 | BU9: Q3 | BV9: Q4 | BW9: Q1 | BX9: Q2 | BY9: Q3 | BZ9: Q4 | CA9: Q1 | CB9: Q2 | CC9: Q3 | CD9: Q4 | CE9: Q1 | CF9: Q2 | CG9: Q3 | CH9: Q4 | CI9: Q1 | CJ9: Q2 | CK9: Q3 | CL9: Q4 | CM9: Q1 | CN9: Q2 | CO9: Q3 | CP9: Q4 | CQ9: Q1 | CR9: Q2 | CS9: Q3 | CT9: Q4 | CU9: Q1 | CV9: Q2 | CW9: Q3 | CX9: Q4 | CY9: Q1 | CZ9: Q2 | DA9: Q3 | DB9: Q4 | DC9: Q1 | DD9: Q2 | DE9: Q3 | DF9: Q4 | DG9: Q1 | DH9: Q2 | DI9: Q3 | DJ9: Q4 | DK9: Q1 | DL9: Q2 | DM9: Q3 | DN9: Q4 | DO9: Q1 | DP9: Q2 | DQ9: Q3 | DR9: Q4
A10: Coal Mines - Australia
A11: Employees
A12: Dawson | B12: =SourcedData!J91 -> 1927 | C12: =SourcedData!K91 -> 1618 | D12: =SourcedData!L91 -> 1632 | E12: =SourcedData!M91 -> 1563 | F12: =SourcedData!N91 -> 1522 | G12: =SourcedData!O91 -> 1577 | H12: =SourcedData!P91 -> 1768 | I12: =SourcedData!Q91 -> 1481 | ... BA12: =SourcedData!BI91 -> 1603 | BC12: =AVERAGEIF($B$8:$AC$8,BC$9,$B12:$AC12) -> 1685 | BD12: =AVERAGEIF($B$8:$AC$8,BD$9,$B12:$AC12) -> 1587 | BE12: =AVERAGEIF($B$8:$AC$8,BE$9,$B12:$AC12) -> 1280.75 | BF12: =AVERAGEIF($B$8:$AC$8,BF$9,$B12:$AC12) -> 1305 | BG12: =AVERAGEIF($B$8:$AC$8,BG$9,$B12:$AC12) -> 1221 | BH12: =AVERAGEIF($B$8:$AC$8,BH$9,$B12:$AC12) -> 1253 | BI12: =AVERAGEIF($B$8:$AC$8,BI$9,$B12:$AC12) -> 1416.25 | BJ12: =AVERAGEIF($B$8:$AG$8,BJ$9,$B12:$AG12) -> 1525.25 | BK12: =AVERAGEIF($B$8:$AK$8,BK$9,$B12:$AK12) -> 1489.75 | BL12: =AVERAGEIF($B$8:$BA$8,BL$9,$B12:$BA12) -> 1421 | BM12: =AVERAGEIF($B$8:$BA$8,BM$9,$B12:$BA12) -> 1423.5 | BN12: =AVERAGEIF($B$8:$BA$8,BN$9,$B12:$BA12) -> 1468.75 | BO12: =AVERAGEIF($B$8:$BA$8,BO$9,$B12:$BA12) -> 1565.75 | BQ12: Average of quarterly employees numbers | BS12: MLCCI-991351766-4929 | BT12: MLCCI-991351766-4929 | BU12: MLCCI-991351766-4929 | BV12: MLCCI-991351766-4929 | BW12: MLCCI-991351766-4929 | BX12: MLCCI-991351766-4929 | BY12: MLCCI-991351766-4929 | BZ12: MLCCI-991351766-4929 | CA12: MLCCI-991351766-4929 | CB12: MLCCI-991351766-4929 | CC12: MLCCI-991351766-4929 | CD12: MLCCI-991351766-4929 | CE12: MLCCI-991351766-4929 | CF12: MLCCI-991351766-4929 | CG12: MLCCI-991351766-4929 | CH12: MLCCI-991351766-4929 | CI12: MLCCI-1639775051-90659 | CJ12: MLCCI-1639775051-90659 | CK12: MLCCI-1639775051-90659 | CL12: MLCCI-1639775051-90659 | CM12: MLCCI-1639775051-90659 | CN12: MLCCI-1639775051-90659 | CO12: MLCCI-1639775051-90659 | CP12: MLCCI-1639775051-90659 | CQ12: MLCCI-1639775051-100323 | CR12: MLCCI-1639775051-100323 | CS12: MLCCI-1639775051-100323 | CT12: MLCCI-1639775051-100323 | CU12: MLCCI-1639775051-116522 | CV12: MLCCI-1639775051-116522 | CW12: MLCCI-1639775051-116522 | CX12: MLCCI-1639775051-116522 | CY12: MLCCI-1639775051-117119 | CZ12: MLCCI-1639775051-117119 | DA12: MLCCI-1639775051-117119 | DB12: MLCCI-1639775051-117119 | DC12: MLCCI-1639775051-125834 | DD12: MLCCI-1639775051-125834 | DE12: MLCCI-1639775051-125834 | DF12: MLCCI-1639775051-125834 | DG12: MLCCI-1639775051-125834 | DH12: MLCCI-1639775051-125834 | DI12: MLCCI-1639775051-125834 | DJ12: MLCCI-1639775051-125834 | DK12: MLCCI-1066059444-53291 | DL12: MLCCI-1066059444-53291 | DM12: MLCCI-1066059444-53291 | DN12: MLCCI-1066059444-53291 | DO12: MLCCI-1066059444-53291 | DP12: MLCCI-1066059444-53291 | DQ12: MLCCI-1066059444-53291 | DR12: MLCCI-1066059444-53291
A13: Jellinbah East | B13: =SourcedData!J92 -> 428 | C13: =SourcedData!K92 -> 484 | D13: =SourcedData!L92 -> 494 | E13: =SourcedData!M92 -> 488 | F13: =SourcedData!N92 -> 488 | G13: =SourcedData!O92 -> 501 | H13: =SourcedData!P92 -> 502 | I13: =SourcedData!Q92 -> 496 | ... BA13: =SourcedData!BI92 -> 880 | BC13: =AVERAGEIF($B$8:$AC$8,BC$9,$B13:$AC13) -> 473.5 | BD13: =AVERAGEIF($B$8:$AC$8,BD$9,$B13:$AC13) -> 496.75 | BE13: =AVERAGEIF($B$8:$AC$8,BE$9,$B13:$AC13) -> 438.25 | BF13: =AVERAGEIF($B$8:$AC$8,BF$9,$B13:$AC13) -> 230 | BG13: =AVERAGEIF($B$8:$AC$8,BG$9,$B13:$AC13) -> 238.25 | BH13: =AVERAGEIF($B$8:$AC$8,BH$9,$B13:$AC13) -> 262.25 | BI13: =AVERAGEIF($B$8:$AC$8,BI$9,$B13:$AC13) -> 288 | BJ13: =AVERAGEIF($B$8:$AG$8,BJ$9,$B13:$AG13) -> 316 | BK13: =AVERAGEIF($B$8:$AK$8,BK$9,$B13:$AK13) -> 365.75 | BL13: =AVERAGEIF($B$8:$BA$8,BL$9,$B13:$BA13) -> 427.25 | BM13: =AVERAGEIF($B$8:$BA$8,BM$9,$B13:$BA13) -> 493.75 | BN13: =AVERAGEIF($B$8:$BA$8,BN$9,$B13:$BA13) -> 697.25 | BO13: =AVERAGEIF($B$8:$BA$8,BO$9,$B13:$BA13) -> 857.25 | BQ13: Average of quarterly employees numbers | BS13: MLCCI-991351766-4929 | BT13: MLCCI-991351766-4929 | BU13: MLCCI-991351766-4929 | BV13: MLCCI-991351766-4929 | BW13: MLCCI-991351766-4929 | BX13: MLCCI-991351766-4929 | BY13: MLCCI-991351766-4929 | BZ13: MLCCI-991351766-4929 | CA13: MLCCI-991351766-4929 | CB13: MLCCI-991351766-4929 | CC13: MLCCI-991351766-4929 | CD13: MLCCI-991351766-4929 | CE13: MLCCI-991351766-4929 | CF13: MLCCI-991351766-4929 | CG13: MLCCI-991351766-4929 | CH13: MLCCI-991351766-4929 | CI13: MLCCI-1639775051-90659 | CJ13: MLCCI-1639775051-90659 | CK13: MLCCI-1639775051-90659 | CL13: MLCCI-1639775051-90659 | CM13: MLCCI-1639775051-90659 | CN13: MLCCI-1639775051-90659 | CO13: MLCCI-1639775051-90659 | CP13: MLCCI-1639775051-90659 | CQ13: MLCCI-1639775051-100323 | CR13: MLCCI-1639775051-100323 | CS13: MLCCI-1639775051-100323 | CT13: MLCCI-1639775051-100323 | CU13: MLCCI-1639775051-116522 | CV13: MLCCI-1639775051-116522 | CW13: MLCCI-1639775051-116522 | CX13: MLCCI-1639775051-116522 | CY13: MLCCI-1639775051-117218 | CZ13: MLCCI-1639775051-117218 | DA13: MLCCI-1639775051-117218 | DB13: MLCCI-1639775051-117218 | DC13: MLCCI-1639775051-125834 | DD13: MLCCI-1639775051-125834 | DE13: MLCCI-1639775051-125834 | DF13: MLCCI-1639775051-125834 | DG13: MLCCI-1639775051-125834 | DH13: MLCCI-1639775051-125834 | DI13: MLCCI-1639775051-125834 | DJ13: MLCCI-1639775051-125834 | DK13: MLCCI-1066059444-53291 | DL13: MLCCI-1066059444-53291 | DM13: MLCCI-1066059444-53291 | DN13: MLCCI-1066059444-53291 | DO13: MLCCI-1066059444-53291 | DP13: MLCCI-1066059444-53291 | DQ13: MLCCI-1066059444-53291 | DR13: MLCCI-1066059444-53291
A14: Jellinbah Plains | N14: =SourcedData!V93 -> 179 | O14: =SourcedData!W93 -> 201 | P14: =SourcedData!X93 -> 190 | Q14: =SourcedData!Y93 -> 191 | R14: =SourcedData!Z93 -> 182 | S14: =SourcedData!AA93 -> 201 | T14: =SourcedData!AB93 -> 196 | U14: =SourcedData!AC93 -> 190 | ... AK14: =SourcedData!AS93 -> 101 | BF14: =AVERAGEIF($B$8:$AC$8,BF$9,$B14:$AC14) -> 190.25 | BG14: =AVERAGEIF($B$8:$AC$8,BG$9,$B14:$AC14) -> 192.25 | BH14: =AVERAGEIF($B$8:$AC$8,BH$9,$B14:$AC14) -> 210.75 | BI14: =AVERAGEIF($B$8:$AC$8,BI$9,$B14:$AC14) -> 205 | BJ14: =AVERAGEIF($B$8:$AG$8,BJ$9,$B14:$AG14) -> 212.25 | BK14: =AVERAGEIF($B$8:$AK$8,BK$9,$B14:$AK14) -> 163.25 | BQ14: Average of quarterly employees numbers | CE14: MLCCI-1639775051-90659 | CF14: MLCCI-1639775051-90659 | CG14: MLCCI-1639775051-90659 | CH14: MLCCI-1639775051-90659 | CI14: MLCCI-1639775051-90659 | CJ14: MLCCI-1639775051-90659 | CK14: MLCCI-1639775051-90659 | CL14: MLCCI-1639775051-90659 | CM14: MLCCI-1639775051-90659 | CN14: MLCCI-1639775051-90659 | CO14: MLCCI-1639775051-90659 | CP14: MLCCI-1639775051-90659 | CQ14: MLCCI-1639775051-100323 | CR14: MLCCI-1639775051-100323 | CS14: MLCCI-1639775051-100323 | CT14: MLCCI-1639775051-100323 | CU14: MLCCI-1639775051-116522 | CV14: MLCCI-1639775051-116522 | CW14: MLCCI-1639775051-116522 | CX14: MLCCI-1639775051-116522 | CY14: MLCCI-1639775051-117218 | CZ14: MLCCI-1639775051-117218 | DA14: MLCCI-1639775051-117218 | DB14: MLCCI-1639775051-117218 | DC14: MLCCI-1639775051-125834 | DD14: MLCCI-1639775051-125834 | DE14: MLCCI-1639775051-125834 | DF14: MLCCI-1639775051-125834 | DG14: MLCCI-1639775051-125834 | DH14: MLCCI-1639775051-125834 | DI14: MLCCI-1639775051-125834 | DJ14: MLCCI-1639775051-125834
A15: Lake Vermont | B15: =SourcedData!J94 -> 400 | C15: =SourcedData!K94 -> 496 | D15: =SourcedData!L94 -> 520 | E15: =SourcedData!M94 -> 486 | F15: =SourcedData!N94 -> 466 | G15: =SourcedData!O94 -> 664 | H15: =SourcedData!P94 -> 837 | I15: =SourcedData!Q94 -> 792 | ... BA15: =SourcedData!BI94 -> 945 | BC15: =AVERAGEIF($B$8:$AC$8,BC$9,$B15:$AC15) -> 475.5 | BD15: =AVERAGEIF($B$8:$AC$8,BD$9,$B15:$AC15) -> 689.75 | BE15: =AVERAGEIF($B$8:$AC$8,BE$9,$B15:$AC15) -> 739.25 | BF15: =AVERAGEIF($B$8:$AC$8,BF$9,$B15:$AC15) -> 721 | BG15: =AVERAGEIF($B$8:$AC$8,BG$9,$B15:$AC15) -> 690 | BH15: =AVERAGEIF($B$8:$AC$8,BH$9,$B15:$AC15) -> 734.25 | BI15: =AVERAGEIF($B$8:$AC$8,BI$9,$B15:$AC15) -> 779 | BJ15: =AVERAGEIF($B$8:$AG$8,BJ$9,$B15:$AG15) -> 840 | BK15: =AVERAGEIF($B$8:$AK$8,BK$9,$B15:$AK15) -> 913 | BL15: =AVERAGEIF($B$8:$BA$8,BL$9,$B15:$BA15) -> 865.5 | BM15: =AVERAGEIF($B$8:$BA$8,BM$9,$B15:$BA15) -> 777.25 | BN15: =AVERAGEIF($B$8:$BA$8,BN$9,$B15:$BA15) -> 794.5 | BO15: =AVERAGEIF($B$8:$BA$8,BO$9,$B15:$BA15) -> 890.5 | BQ15: Average of quarterly employees numbers | BS15: MLCCI-991351766-4929 | BT15: MLCCI-991351766-4929 | BU15: MLCCI-991351766-4929 | BV15: MLCCI-991351766-4929 | BW15: MLCCI-991351766-4929 | BX15: MLCCI-991351766-4929 | BY15: MLCCI-991351766-4929 | BZ15: MLCCI-991351766-4929 | CA15: MLCCI-991351766-4929 | CB15: MLCCI-991351766-4929 | CC15: MLCCI-991351766-4929 | CD15: MLCCI-991351766-4929 | CE15: MLCCI-991351766-4929 | CF15: MLCCI-991351766-4929 | CG15: MLCCI-991351766-4929 | CH15: MLCCI-991351766-4929 | CI15: MLCCI-1639775051-90659 | CJ15: MLCCI-1639775051-90659 | CK15: MLCCI-1639775051-90659 | CL15: MLCCI-1639775051-90659 | CM15: MLCCI-1639775051-90659 | CN15: MLCCI-1639775051-90659 | CO15: MLCCI-1639775051-90659 | CP15: MLCCI-1639775051-90659 | CQ15: MLCCI-1639775051-100323 | CR15: MLCCI-1639775051-100323 | CS15: MLCCI-1639775051-100323 | CT15: MLCCI-1639775051-100323 | CU15: MLCCI-1639775051-116522 | CV15: MLCCI-1639775051-116522 | CW15: MLCCI-1639775051-116522 | CX15: MLCCI-1639775051-116522 | CY15: MLCCI-1639775051-117218 | CZ15: MLCCI-1639775051-117218 | DA15: MLCCI-1639775051-117218 | DB15: MLCCI-1639775051-117218 | DC15: MLCCI-1639775051-125834 | DD15: MLCCI-1639775051-125834 | DE15: MLCCI-1639775051-125834 | DF15: MLCCI-1639775051-125834 | DG15: MLCCI-1639775051-125834 | DH15: MLCCI-1639775051-125834 | DI15: MLCCI-1639775051-125834 | DJ15: MLCCI-1639775051-125834 | DK15: MLCCI-1066059444-53291 | DL15: MLCCI-1066059444-53291 | DM15: MLCCI-1066059444-53291 | DN15: MLCCI-1066059444-53291 | DO15: MLCCI-1066059444-53291 | DP15: MLCCI-1066059444-53291 | DQ15: MLCCI-1066059444-53291 | DR15: MLCCI-1066059444-53291
A16: Grasstree | B16: =SourcedData!J95 -> 757 | C16: =SourcedData!K95 -> 803 | D16: =SourcedData!L95 -> 827 | E16: =SourcedData!M95 -> 627 | F16: =SourcedData!N95 -> 525 | G16: =SourcedData!O95 -> 577 | H16: =SourcedData!P95 -> 638 | I16: =SourcedData!Q95 -> 613 | ... AS16: =SourcedData!BA95 -> 99 | BC16: =AVERAGEIF($B$8:$AC$8,BC$9,$B16:$AC16) -> 753.5 | BD16: =AVERAGEIF($B$8:$AC$8,BD$9,$B16:$AC16) -> 588.25 | BE16: =AVERAGEIF($B$8:$AC$8,BE$9,$B16:$AC16) -> 673.25 | BF16: =AVERAGEIF($B$8:$AC$8,BF$9,$B16:$AC16) -> 768.75 | BG16: =AVERAGEIF($B$8:$AC$8,BG$9,$B16:$AC16) -> 755 | BH16: =AVERAGEIF($B$8:$AC$8,BH$9,$B16:$AC16) -> 727.75 | BI16: =AVERAGEIF($B$8:$AC$8,BI$9,$B16:$AC16) -> 792.75 | BJ16: =AVERAGEIF($B$8:$AG$8,BJ$9,$B16:$AG16) -> 896 | BK16: =AVERAGEIF($B$8:$AK$8,BK$9,$B16:$AK16) -> 809 | BL16: =AVERAGEIF($B$8:$BA$8,BL$9,$B16:$BA16) -> 471.75 | BQ16: Average of quarterly employees numbers | BS16: MLCCI-991351766-4929 | BT16: MLCCI-991351766-4929 | BU16: MLCCI-991351766-4929 | BV16: MLCCI-991351766-4929 | BW16: MLCCI-991351766-4929 | BX16: MLCCI-991351766-4929 | BY16: MLCCI-991351766-4929 | BZ16: MLCCI-991351766-4929 | CA16: MLCCI-991351766-4929 | CB16: MLCCI-991351766-4929 | CC16: MLCCI-991351766-4929 | CD16: MLCCI-991351766-4929 | CE16: MLCCI-991351766-4929 | CF16: MLCCI-991351766-4929 | CG16: MLCCI-991351766-4929 | CH16: MLCCI-991351766-4929 | CI16: MLCCI-1639775051-90659 | CJ16: MLCCI-1639775051-90659 | CK16: MLCCI-1639775051-90659 | CL16: MLCCI-1639775051-90659 | CM16: MLCCI-1639775051-90659 | CN16: MLCCI-1639775051-90659 | CO16: MLCCI-1639775051-90659 | CP16: MLCCI-1639775051-90659 | CQ16: MLCCI-1639775051-100323 | CR16: MLCCI-1639775051-100323 | CS16: MLCCI-1639775051-100323 | CT16: MLCCI-1639775051-100323 | CU16: MLCCI-1639775051-116522 | CV16: MLCCI-1639775051-116522 | CW16: MLCCI-1639775051-116522 | CX16: MLCCI-1639775051-116522 | CY16: MLCCI-1639775051-117218 | CZ16: MLCCI-1639775051-117218 | DA16: MLCCI-1639775051-117218 | DB16: MLCCI-1639775051-117218 | DC16: MLCCI-1639775051-125834 | DD16: MLCCI-1639775051-125834 | DE16: MLCCI-1639775051-125834 | DF16: MLCCI-1639775051-125834 | DG16: MLCCI-1639775051-125834 | DH16: MLCCI-1639775051-125834 | DI16: MLCCI-1639775051-125834 | DJ16: MLCCI-1639775051-125834
A17: Grosvenor | D17: =SourcedData!L96 -> 141 | E17: =SourcedData!M96 -> 293 | F17: =SourcedData!N96 -> 568 | H17: =SourcedData!P96 -> 714 | I17: =SourcedData!Q96 -> 853 | J17: =SourcedData!R96 -> 659 | K17: =SourcedData!S96 -> 651 | L17: =SourcedData!T96 -> 725 | M17: =SourcedData!U96 -> 988 | N17: =SourcedData!V96 -> 1016 | O17: =SourcedData!W96 -> 1016 | ... AI17: =SourcedData!AQ96 -> 849 | AJ17: - | AK17: - | AL17: - | AM17: - | AN17: =SourcedData!AV96 -> 601 | AO17: =SourcedData!AW96 -> 806 | AP17: =SourcedData!AX96 -> 691 | AQ17: =SourcedData!AY96 -> 735 | AR17: =SourcedData!AZ96 -> 821 | AS17: =SourcedData!BA96 -> 894 | AT17: =SourcedData!BB96 -> 971 | AU17: =SourcedData!BC96 -> 1376 | ... BA17: =SourcedData!BI96 -> 262 | BC17: =AVERAGEIF($B$8:$AC$8,BC$9,$B17:$AC17) -> 217 | BD17: =AVERAGEIF($B$8:$AC$8,BD$9,$B17:$AC17) -> 711.66667 | BE17: =AVERAGEIF($B$8:$AC$8,BE$9,$B17:$AC17) -> 755.75 | BF17: =AVERAGEIF($B$8:$AC$8,BF$9,$B17:$AC17) -> 1174.5 | BG17: =AVERAGEIF($B$8:$AC$8,BG$9,$B17:$AC17) -> 684 | BH17: =AVERAGEIF($B$8:$AC$8,BH$9,$B17:$AC17) -> 707.5 | BI17: =AVERAGEIF($B$8:$AC$8,BI$9,$B17:$AC17) -> 728.5 | BJ17: =AVERAGEIF($B$8:$AG$8,BJ$9,$B17:$AG17) -> 831.25 | BK17: =AVERAGEIF($B$8:$AK$8,BK$9,$B17:$AK17) -> 878.5 | BL17: =AVERAGEIF($B$8:$BA$8,BL$9,$B17:$BA17) -> 703.5 | BM17: =AVERAGEIF($B$8:$BA$8,BM$9,$B17:$BA17) -> 785.25 | BN17: =AVERAGEIF($B$8:$BA$8,BN$9,$B17:$BA17) -> 1150.75 | BO17: =AVERAGE(AX17:AY17) -> 1143.5 | BQ17: Average of quarterly employees numbers; Mine started operation in 2015; For 2024 as mine was operational for first 6 months hence average for 2 quarters is taken | BS17: MLCCI-991351766-4929 | BT17: MLCCI-991351766-4929 | BU17: MLCCI-991351766-4929 | BV17: MLCCI-991351766-4929 | BW17: MLCCI-991351766-4929 | BX17: MLCCI-991351766-4929 | BY17: MLCCI-991351766-4929 | BZ17: MLCCI-991351766-4929 | CA17: MLCCI-991351766-4929 | CB17: MLCCI-991351766-4929 | CC17: MLCCI-991351766-4929 | CD17: MLCCI-991351766-4929 | CE17: MLCCI-991351766-4929 | CF17: MLCCI-991351766-4929 | CG17: MLCCI-991351766-4929 | CH17: MLCCI-991351766-4929 | CI17: MLCCI-1639775051-90659 | CJ17: MLCCI-1639775051-90659 | CK17: MLCCI-1639775051-90659 | CL17: MLCCI-1639775051-90659 | CM17: MLCCI-1639775051-90659 | CN17: MLCCI-1639775051-90659 | CO17: MLCCI-1639775051-90659 | CP17: MLCCI-1639775051-90659 | CQ17: MLCCI-1639775051-100323 | CR17: MLCCI-1639775051-100323 | CS17: MLCCI-1639775051-100323 | CT17: MLCCI-1639775051-100323 | CU17: MLCCI-1639775051-116522 | CV17: MLCCI-1639775051-116522 | CW17: MLCCI-1639775051-116522 | CX17: MLCCI-1639775051-116522 | CY17: MLCCI-1639775051-117218 | CZ17: MLCCI-1639775051-117218 | DA17: MLCCI-1639775051-117218 | DB17: MLCCI-1639775051-117218 | DC17: MLCCI-1639775051-125834 | DD17: MLCCI-1639775051-125834 | DE17: MLCCI-1639775051-125834 | DF17: MLCCI-1639775051-125834 | DG17: MLCCI-1639775051-125834 | DH17: MLCCI-1639775051-125834 | DI17: MLCCI-1639775051-125834 | DJ17: MLCCI-1639775051-125834 | DK17: MLCCI-1066059444-53291 | DL17: MLCCI-1066059444-53291 | DM17: MLCCI-1066059444-53291 | DN17: MLCCI-1066059444-53291 | DO17: MLCCI-1066059444-53291 | DP17: MLCCI-1066059444-53291 | DQ17: MLCCI-1066059444-53291 | DR17: MLCCI-1066059444-53291
A18: Moranbah North | B18: =SourcedData!J97 -> 913 | C18: =SourcedData!K97 -> 889 | D18: =SourcedData!L97 -> 856 | E18: =SourcedData!M97 -> 692 | F18: =SourcedData!N97 -> 737 | G18: =SourcedData!O97 -> 802 | H18: =SourcedData!P97 -> 537 | I18: =SourcedData!Q97 -> 716 | ... R18: =SourcedData!Z97 -> 840 | T18: =SourcedData!AB97 -> 696 | U18: =SourcedData!AC97 -> 782 | V18: =SourcedData!AD97 -> 795 | W18: =SourcedData!AE97 -> 882 | X18: =SourcedData!AF97 -> 830 | Y18: =SourcedData!AG97 -> 873 | Z18: =SourcedData!AH97 -> 950 | AA18: =SourcedData!AI97 -> 1123 | ... BA18: =SourcedData!BI97 -> 1370 | BC18: =AVERAGEIF($B$8:$AC$8,BC$9,$B18:$AC18) -> 837.5 | BD18: =AVERAGEIF($B$8:$AC$8,BD$9,$B18:$AC18) -> 698 | BE18: =AVERAGEIF($B$8:$AC$8,BE$9,$B18:$AC18) -> 763.75 | BF18: =AVERAGEIF($B$8:$AC$8,BF$9,$B18:$AC18) -> 725 | BG18: =AVERAGEIF($B$8:$AC$8,BG$9,$B18:$AC18) -> 772.66667 | BH18: =AVERAGEIF($B$8:$AC$8,BH$9,$B18:$AC18) -> 845 | BI18: =AVERAGEIF($B$8:$AC$8,BI$9,$B18:$AC18) -> 1066.75 | BJ18: =AVERAGEIF($B$8:$AG$8,BJ$9,$B18:$AG18) -> 1286.25 | BK18: =AVERAGEIF($B$8:$AK$8,BK$9,$B18:$AK18) -> 1261 | BL18: =AVERAGEIF($B$8:$BA$8,BL$9,$B18:$BA18) -> 1215.75 | BM18: =AVERAGEIF($B$8:$BA$8,BM$9,$B18:$BA18) -> 1222.5 | BN18: =AVERAGEIF($B$8:$BA$8,BN$9,$B18:$BA18) -> 1141.5 | BO18: =AVERAGEIF($B$8:$BA$8,BO$9,$B18:$BA18) -> 1238.5 | BQ18: Average of quarterly employees numbers | BS18: MLCCI-991351766-4929 | BT18: MLCCI-991351766-4929 | BU18: MLCCI-991351766-4929 | BV18: MLCCI-991351766-4929 | BW18: MLCCI-991351766-4929 | BX18: MLCCI-991351766-4929 | BY18: MLCCI-991351766-4929 | BZ18: MLCCI-991351766-4929 | CA18: MLCCI-991351766-4929 | CB18: MLCCI-991351766-4929 | CC18: MLCCI-991351766-4929 | CD18: MLCCI-991351766-4929 | CE18: MLCCI-991351766-4929 | CF18: MLCCI-991351766-4929 | CG18: MLCCI-991351766-4929 | CH18: MLCCI-991351766-4929 | CI18: MLCCI-1639775051-90659 | CJ18: MLCCI-1639775051-90659 | CK18: MLCCI-1639775051-90659 | CL18: MLCCI-1639775051-90659 | CM18: MLCCI-1639775051-90659 | CN18: MLCCI-1639775051-90659 | CO18: MLCCI-1639775051-90659 | CP18: MLCCI-1639775051-90659 | CQ18: MLCCI-1639775051-100323 | CR18: MLCCI-1639775051-100323 | CS18: MLCCI-1639775051-100323 | CT18: MLCCI-1639775051-100323 | CU18: MLCCI-1639775051-116522 | CV18: MLCCI-1639775051-116522 | CW18: MLCCI-1639775051-116522 | CX18: MLCCI-1639775051-116522 | CY18: MLCCI-1639775051-117218 | CZ18: MLCCI-1639775051-117218 | DA18: MLCCI-1639775051-117218 | DB18: MLCCI-1639775051-117218 | DC18: MLCCI-1639775051-125834 | DD18: MLCCI-1639775051-125834 | DE18: MLCCI-1639775051-125834 | DF18: MLCCI-1639775051-125834 | DG18: MLCCI-1639775051-125834 | DH18: MLCCI-1639775051-125834 | DI18: MLCCI-1639775051-125834 | DJ18: MLCCI-1639775051-125834 | DL18: MLCCI-1066059444-53291 | DM18: MLCCI-1066059444-53291 | DN18: MLCCI-1066059444-53291 | DO18: MLCCI-1066059444-53291 | DP18: MLCCI-1066059444-53291 | DQ18: MLCCI-1066059444-53291 | DR18: MLCCI-1066059444-53291
A19: Aquila | G19: =SourcedData!O98 -> 84 | K19: =SourcedData!S98 -> 9 | O19: =SourcedData!W98 -> 1 | W19: =SourcedData!AE98 -> 1 | AE19: =SourcedData!AM98 -> 16 | AF19: =SourcedData!AN98 -> 38 | AG19: =SourcedData!AO98 -> 167 | AH19: =SourcedData!AP98 -> 266 | AI19: =SourcedData!AQ98 -> 317 | AJ19: =SourcedData!AR98 -> 336 | AK19: =SourcedData!AS98 -> 355 | AL19: =SourcedData!AT98 -> 477 | ... BA19: =SourcedData!BI98 -> 735 | BC19: =IFERROR(AVERAGEIF($B$8:$AC$8,BC$9,$B19:$AC19),0) -> 0 | BD19: =AVERAGEIF($B$8:$AC$8,BD$9,$B19:$AC19) -> 84 | BE19: =AVERAGEIF($B$8:$AC$8,BE$9,$B19:$AC19) -> 9 | BF19: =AVERAGEIF($B$8:$AC$8,BF$9,$B19:$AC19) -> 1 | BG19: =IFERROR(AVERAGEIF($B$8:$AC$8,BG$9,$B19:$AC19),0) -> 0 | BH19: =AVERAGEIF($B$8:$AC$8,BH$9,$B19:$AC19) -> 1 | BM19: =AVERAGEIF($B$8:$BA$8,BM$9,$B19:$BA19) -> 674.5 | BN19: =AVERAGEIF($B$8:$BA$8,BN$9,$B19:$BA19) -> 720.5 | BO19: =AVERAGEIF($B$8:$BA$8,BO$9,$B19:$BA19) -> 740 | BQ19: Quarterly employees numbers reported for only Q2 for the years 2013-2015 and 2017 | BS19: MLCCI-991351766-4929 | BT19: MLCCI-991351766-4929 | BU19: MLCCI-991351766-4929 | BV19: MLCCI-991351766-4929 | BW19: MLCCI-991351766-4929 | BX19: MLCCI-991351766-4929 | BY19: MLCCI-991351766-4929 | BZ19: MLCCI-991351766-4929 | CA19: MLCCI-991351766-4929 | CB19: MLCCI-991351766-4929 | CC19: MLCCI-991351766-4929 | CD19: MLCCI-991351766-4929 | CE19: MLCCI-991351766-4929 | CF19: MLCCI-991351766-4929 | CG19: MLCCI-991351766-4929 | CH19: MLCCI-991351766-4929 | CI19: MLCCI-1639775051-90659 | CJ19: MLCCI-1639775051-90659 | CK19: MLCCI-1639775051-90659 | CL19: MLCCI-1639775051-90659 | CM19: MLCCI-1639775051-90659 | CN19: MLCCI-1639775051-90659 | CO19: MLCCI-1639775051-90659 | CP19: MLCCI-1639775051-90659 | CV19: MLCCI-1639775051-125834 | CW19: MLCCI-1639775051-125834 | CX19: MLCCI-1639775051-125834 | CY19: MLCCI-1639775051-125834 | CZ19: MLCCI-1639775051-125834 | DA19: MLCCI-1639775051-125834 | DB19: MLCCI-1639775051-125834 | DC19: MLCCI-1639775051-125834 | DD19: MLCCI-1639775051-125834 | DE19: MLCCI-1639775051-125834 | DF19: MLCCI-1639775051-125834 | DG19: MLCCI-1639775051-125834 | DH19: MLCCI-1639775051-125834 | DI19: MLCCI-1639775051-125834 | DJ19: MLCCI-1639775051-125834 | DK19: MLCCI-1066059444-53291 | DL19: MLCCI-1066059444-53291 | DM19: MLCCI-1066059444-53291 | DN19: MLCCI-1066059444-53291 | DO19: MLCCI-1066059444-53291 | DP19: MLCCI-1066059444-53291 | DQ19: MLCCI-1066059444-53291 | DR19: MLCCI-1066059444-53291
A20: Capcoal Surface Coal Mine | B20: =SourcedData!J99 -> 1027 | C20: =SourcedData!K99 -> 1002 | D20: =SourcedData!L99 -> 878 | E20: =SourcedData!M99 -> 881 | F20: =SourcedData!N99 -> 768 | G20: =SourcedData!O99 -> 793 | H20: =SourcedData!P99 -> 848 | I20: =SourcedData!Q99 -> 860 | ... AE20: =SourcedData!AM99 -> 955 | AF20: - | AG20: =SourcedData!AO99 -> 1023 | AH20: =SourcedData!AP99 -> 944 | AI20: =SourcedData!AQ99 -> 1019 | AJ20: =SourcedData!AR99 -> 986 | AK20: =SourcedData!AS99 -> 817 | AL20: =SourcedData!AT99 -> 909 | AM20: =SourcedData!AU99 -> 986 | AN20: =SourcedData!AV99 -> 938 | ... BA20: =SourcedData!BI99 -> 1117 | BC20: =AVERAGEIF($B$8:$AC$8,BC$9,$B20:$AC20) -> 947 | BD20: =AVERAGEIF($B$8:$AC$8,BD$9,$B20:$AC20) -> 817.25 | BE20: =AVERAGEIF($B$8:$AC$8,BE$9,$B20:$AC20) -> 872.25 | BF20: =AVERAGEIF($B$8:$AC$8,BF$9,$B20:$AC20) -> 841.25 | BG20: =AVERAGEIF($B$8:$AC$8,BG$9,$B20:$AC20) -> 658 | BH20: =AVERAGEIF($B$8:$AC$8,BH$9,$B20:$AC20) -> 568.25 | BI20: =AVERAGEIF($B$8:$AC$8,BI$9,$B20:$AC20) -> 809 | BJ20: =AVERAGEIF($B$8:$AK$8,BJ$9,$B20:$AK20) -> 961.33333 | BK20: =AVERAGEIF($B$8:$AK$8,BK$9,$B20:$AK20) -> 941.5 | BL20: =AVERAGEIF($B$8:$BA$8,BL$9,$B20:$BA20) -> 932 | BM20: =AVERAGEIF($B$8:$BA$8,BM$9,$B20:$BA20) -> 1032.5 | BN20: =AVERAGEIF($B$8:$BA$8,BN$9,$B20:$BA20) -> 1135.25 | BO20: =AVERAGEIF($B$8:$BA$8,BO$9,$B20:$BA20) -> 1169 | BQ20: Average of quarterly employees numbers | BS20: MLCCI-991351766-4929 | BT20: MLCCI-991351766-4929 | BU20: MLCCI-991351766-4929 | BV20: MLCCI-991351766-4929 | BW20: MLCCI-991351766-4929 | BX20: MLCCI-991351766-4929 | BY20: MLCCI-991351766-4929 | BZ20: MLCCI-991351766-4929 | CA20: MLCCI-991351766-4929 | CB20: MLCCI-991351766-4929 | CC20: MLCCI-991351766-4929 | CD20: MLCCI-991351766-4929 | CE20: MLCCI-991351766-4929 | CF20: MLCCI-991351766-4929 | CG20: MLCCI-991351766-4929 | CH20: MLCCI-991351766-4929 | CI20: MLCCI-1639775051-90659 | CJ20: MLCCI-1639775051-90659 | CK20: MLCCI-1639775051-90659 | CL20: MLCCI-1639775051-90659 | CM20: MLCCI-1639775051-90659 | CN20: MLCCI-1639775051-90659 | CO20: MLCCI-1639775051-90659 | CP20: MLCCI-1639775051-90659 | CQ20: MLCCI-1639775051-100323 | CR20: MLCCI-1639775051-100323 | CS20: MLCCI-1639775051-100323 | CT20: MLCCI-1639775051-100323 | CU20: MLCCI-1639775051-116522 | CV20: MLCCI-1639775051-116522 | CW20: MLCCI-1639775051-116522 | CX20: MLCCI-1639775051-116522 | CY20: MLCCI-1639775051-117218 | CZ20: MLCCI-1639775051-117218 | DA20: MLCCI-1639775051-117218 | DB20: MLCCI-1639775051-117218 | DC20: MLCCI-1639775051-125834 | DD20: MLCCI-1639775051-125834 | DE20: MLCCI-1639775051-125834 | DF20: MLCCI-1639775051-125834 | DG20: MLCCI-1639775051-125834 | DH20: MLCCI-1639775051-125834 | DI20: MLCCI-1639775051-125834 | DJ20: MLCCI-1639775051-125834 | DK20: MLCCI-1066059444-53291 | DL20: MLCCI-1066059444-53291 | DM20: MLCCI-1066059444-53291 | DN20: MLCCI-1066059444-53291 | DO20: MLCCI-1066059444-53291 | DP20: MLCCI-1066059444-53291 | DQ20: MLCCI-1066059444-53291 | DR20: MLCCI-1066059444-53291
A23: Employees
A24: Jellinbah East + Plains | BC24: =SUM(BC13:BC14) -> 473.5 | BD24: =SUM(BD13:BD14) -> 496.75 | BE24: =SUM(BE13:BE14) -> 438.25 | BF24: =SUM(BF13:BF14) -> 420.25 | BG24: =SUM(BG13:BG14) -> 430.5 | BH24: =SUM(BH13:BH14) -> 473 | BI24: =SUM(BI13:BI14) -> 493 | BJ24: =SUM(BJ13:BJ14) -> 528.25 | ... BO24: =SUM(BO13:BO14) -> 857.25 | BQ24: Sum of quarterly averages of both pits
A25: Jellinbah East bypass | BC25: =BC13*VariousOperations_Calculations!CE161/SUM(VariousOperations_Calculations!CE161,VariousOperations_Calculations!CE170) -> 378.8 | BD25: =BD13*VariousOperations_Calculations!CF161/SUM(VariousOperations_Calculations!CF161,VariousOperations_Calculations!CF170) -> 397.4 | BE25: =BE13*VariousOperations_Calculations!CG161/SUM(VariousOperations_Calculations!CG161,VariousOperations_Calculations!CG170) -> 350.6 | BF25: =(BF13+BF14)*VariousOperations_Calculations!CH161/SUM(VariousOperations_Calculations!CH161,VariousOperations_Calculations!CH170) -> 336.2 | BG25: =(BG13+BG14)*VariousOperations_Calculations!CI161/SUM(VariousOperations_Calculations!CI161,VariousOperations_Calculations!CI170) -> 344.4 | BH25: =(BH13+BH14)*VariousOperations_Calculations!CJ161/SUM(VariousOperations_Calculations!CJ161,VariousOperations_Calculations!CJ170) -> 378.4 | BI25: =(BI13+BI14)*VariousOperations_Calculations!CK161/SUM(VariousOperations_Calculations!CK161,VariousOperations_Calculations!CK170) -> 394.4 | BJ25: =(BJ13+BJ14)*VariousOperations_Calculations!CL161/SUM(VariousOperations_Calculations!CL161,VariousOperations_Calculations!CL170) -> 422.6 | BK25: =(BK13+BK14)*VariousOperations_Calculations!CM161/SUM(VariousOperations_Calculations!CM161,VariousOperations_Calculations!CM170) -> 423.2 | BL25: =(BL13+BL14)*VariousOperations_Calculations!CN161/SUM(VariousOperations_Calculations!CN161,VariousOperations_Calculations!CN170) -> 341.8 | BM25: =(BM13+BM14)*VariousOperations_Calculations!CO161/SUM(VariousOperations_Calculations!CO161,VariousOperations_Calculations!CO170) -> 395 | ... BO25: =(BO13+BO14)*VariousOperations_Calculations!CQ161/SUM(VariousOperations_Calculations!CQ161,VariousOperations_Calculations!CQ170) -> 685.8 | BQ25: Employees split based on ROM production
A26: Jellinbah East washing | BC26: =BC13-BC25 -> 94.7 | BD26: =BD13-BD25 -> 99.35 | BE26: =BE13-BE25 -> 87.65 | BF26: =(BF13+BF14)-BF25 -> 84.05 | BG26: =(BG13+BG14)-BG25 -> 86.1 | BH26: =(BH13+BH14)-BH25 -> 94.6 | BI26: =(BI13+BI14)-BI25 -> 98.6 | BJ26: =(BJ13+BJ14)-BJ25 -> 105.65 | BK26: =(BK13+BK14)-BK25 -> 105.8 | BL26: =(BL13+BL14)-BL25 -> 85.45 | BM26: =(BM13+BM14)-BM25 -> 98.75 | ... BO26: =(BO13+BO14)-BO25 -> 171.45
A28: Jellinbah East
A29: Permanent | BK29: =SourcedData!CJ100 -> 250 | DL29: MLCCI-1639775051-124882
A30: Contractor | BK30: =SourcedData!CJ101 -> 140 | DL30: MLCCI-1639775051-124882
A31: Total | BK31: =BK30+BK29 -> 390
A32: Share of contractor | BK32: =BK30/BK31 -> 0.35897436
A33: Lake Vermont
A34: Permanent | BK34: =SourcedData!CJ102 -> 3 | DL34: MLCCI-1639775051-124882
A35: Contractor | BK35: =SourcedData!CJ103 -> 874 | DL35: MLCCI-1639775051-124882
A36: Total | BK36: =BK35+BK34 -> 877
A37: Share of contractor | BK37: =BK35/BK36 -> 0.99657925
